"","LFC","padj","DE"
"ADF43161.1",-5.07953994344844,2.54030594258686e-12,TRUE
"ADF43181.1",2.07215641881288,2.50521932759324e-15,TRUE
"ADF43182.1",3.16695832952165,1.51964259208402e-08,TRUE
"ADF43183.1",2.14675271196058,7.90340119944196e-05,TRUE
"ADF43190.1",-2.19143894554691,1.19082273203195e-22,TRUE
"ADF43193.1",-3.21032543766796,2.484548137931e-14,TRUE
"ADF43199.1",-2.82870199246267,0.0035208615216135,TRUE
"ChreCp032",2.07683645710268,0.0120792401282854,TRUE
"ChreCp035",3.06496604782303,9.83700476905253e-07,TRUE
"ChreCp036",-2.31598918986142,2.34382662828205e-08,TRUE
"ChreCp037",2.86594338270243,0.0251462658756881,TRUE
"ChreCp039",2.44072496472013,0.0430755853530008,TRUE
"ChreCp048",2.72984051188718,0.000215916729195529,TRUE
"ChreCp052",2.79056247584056,0.00554553103571643,TRUE
"ChreCp056",2.56554347924124,0.0101049063473386,TRUE
"ChreCp059",2.00329081289143,0.000131409431523677,TRUE
"ChreCp062",2.48509458261258,0.0011473631810207,TRUE
"ChreCp064",2.01832116231591,0.00138292129551361,TRUE
"ChreCp066",2.04388875531224,0.00175741367169769,TRUE
"ChreCp069",2.20295110019671,0.00459765722742237,TRUE
"ChrepMr16",2.35980487134922,5.02521993796453e-09,TRUE
"Cre01.g000150",2.15445043750116,3.40173433225833e-05,TRUE
"Cre01.g002650",4.36640366659725,1.29862204690419e-05,TRUE
"Cre01.g003000",2.41178602108784,3.58919970616308e-19,TRUE
"Cre01.g003200",2.40981101837003,6.4183614290302e-54,TRUE
"Cre01.g004157",-2.99074512289289,4.37705648053623e-19,TRUE
"Cre01.g004750",2.96626379174816,8.86773132989859e-07,TRUE
"Cre01.g005150",3.13335942841949,3.06608202953562e-15,TRUE
"Cre01.g005450",-2.04139211690037,3.87114660618359e-13,TRUE
"Cre01.g005750",2.5958896375534,8.23335751457391e-10,TRUE
"Cre01.g006750",2.95265106423408,1.97919692120094e-13,TRUE
"Cre01.g007950",3.30823609571471,1.54030465000664e-05,TRUE
"Cre01.g009100",-2.20176603944924,2.84293123464639e-08,TRUE
"Cre01.g009150",-2.32421434361118,1.0545041371964e-25,TRUE
"Cre01.g009350",2.19019588170208,1.94060419539193e-06,TRUE
"Cre01.g009800",-3.40845014761602,1.28476178277846e-30,TRUE
"Cre01.g010400",-3.13024477132115,9.09322812673235e-29,TRUE
"Cre01.g012550",-2.44495026417272,2.56533412170893e-12,TRUE
"Cre01.g012650",-2.11469270000058,7.40921399398382e-08,TRUE
"Cre01.g012700",-2.84977835045376,3.34672433733557e-11,TRUE
"Cre01.g012750",-3.62942093504071,5.66573732515406e-40,TRUE
"Cre01.g012850",-2.27648480287389,1.08204272246697e-11,TRUE
"Cre01.g015500",-2.023175884296,3.96469764876284e-09,TRUE
"Cre01.g015850",-2.25639649291143,4.07806996606295e-21,TRUE
"Cre01.g018550",-2.46982263509905,3.5696151274397e-40,TRUE
"Cre01.g019550",-2.76128057833081,3.74595490759076e-16,TRUE
"Cre01.g020800",-2.93487214155516,2.11161183476756e-24,TRUE
"Cre01.g020900",2.19977007019029,4.15839307508812e-36,TRUE
"Cre01.g022150",-3.91423719612843,7.72622073789445e-16,TRUE
"Cre01.g024500",-3.35519310525373,1.23412127700998e-21,TRUE
"Cre01.g025200",-2.53300703264033,2.73618056101315e-05,TRUE
"Cre01.g025950",-3.53493760037444,2.62953136427888e-13,TRUE
"Cre01.g027750",2.33256424636055,0.00380869667333415,TRUE
"Cre01.g028950",-2.38279729753151,3.24561742657052e-11,TRUE
"Cre01.g029400",-2.08893690689238,3.51499063229338e-26,TRUE
"Cre01.g031250",2.34768091164678,4.15325623268706e-53,TRUE
"Cre01.g031350",2.83053946355237,3.63785041831829e-22,TRUE
"Cre01.g033500",-2.950739345468,1.00954021866629e-07,TRUE
"Cre01.g033750",3.65204233845827,2.50045441481029e-14,TRUE
"Cre01.g034350",2.84053864408193,6.36417040074125e-09,TRUE
"Cre01.g034550",-2.04541961424095,2.33922951084981e-20,TRUE
"Cre01.g035300",2.84616643670825,0.0124632702218263,TRUE
"Cre01.g036350",3.35485759995501,2.761121486335e-15,TRUE
"Cre01.g036950",-2.56502491508939,7.19565623587947e-13,TRUE
"Cre01.g037300",4.15097808257592,5.29124284829096e-05,TRUE
"Cre01.g037600",-4.44238346853673,1.46252317069902e-49,TRUE
"Cre01.g037900",2.10849307484127,9.68410088174158e-24,TRUE
"Cre01.g041050",2.89157959829083,3.81428250240386e-15,TRUE
"Cre01.g042700",-6.19266438774062,2.19655969381546e-42,TRUE
"Cre01.g043550",-2.13413615625098,3.92473525426632e-36,TRUE
"Cre01.g044300",-3.35672542544327,2.9879903372307e-19,TRUE
"Cre01.g044850",2.72389114889455,5.61337829626074e-28,TRUE
"Cre01.g044950",2.66588980602136,0.00475446638720372,TRUE
"Cre01.g045200",7.50878944168793,8.01745343907731e-68,TRUE
"Cre01.g045700",2.90500624136692,2.35962098127978e-11,TRUE
"Cre01.g046450",-3.0432649870237,1.90174085046854e-06,TRUE
"Cre01.g046650",5.31545037275923,1.12682567532574e-33,TRUE
"Cre01.g047218",2.99541540118114,0.00818273737041346,TRUE
"Cre01.g048150",2.17656810084393,6.88620723323769e-29,TRUE
"Cre01.g049200",-4.6584425435338,3.12334002269275e-54,TRUE
"Cre01.g050150",2.0794452026007,3.99450017478141e-26,TRUE
"Cre01.g050750",-2.55596583612566,9.55460960402912e-08,TRUE
"Cre01.g051050",-2.25227498946128,1.38705159266718e-24,TRUE
"Cre01.g051250",-2.22865714913543,1.58858269915983e-23,TRUE
"Cre01.g051300",-2.28299166123705,7.93371029866723e-38,TRUE
"Cre01.g051885",-3.38245685834616,1.83210671822481e-18,TRUE
"Cre01.g052150",-3.19667820904244,1.2962034621083e-19,TRUE
"Cre01.g053000",5.39703655212119,3.78381549198648e-161,TRUE
"Cre01.g054250",3.20181440185847,0.00380845620312161,TRUE
"Cre01.g055100",-2.08585973163468,0.000100531808330314,TRUE
"Cre02.g073500",-3.11067695958561,8.99505474344946e-50,TRUE
"Cre02.g075300",2.34498688655969,5.58363505955486e-14,TRUE
"Cre02.g077800",-2.31013466029912,4.14093557215731e-14,TRUE
"Cre02.g078950",-2.29744820370171,1.63058992154822e-15,TRUE
"Cre02.g079450",-5.31196585328711,4.16503332998277e-61,TRUE
"Cre02.g079500",-7.45172025933518,3.80187543104322e-18,TRUE
"Cre02.g080000",-2.05238664491923,0.013936364812642,TRUE
"Cre02.g080050",2.39617232349581,2.20369687151524e-07,TRUE
"Cre02.g081000",-2.66986201623444,2.44389630501867e-14,TRUE
"Cre02.g081050",-2.06128928718363,2.98904782822548e-09,TRUE
"Cre02.g081850",-3.10346225643063,1.11517577581594e-06,TRUE
"Cre02.g081900",-7.94651023944696,1.55719940143073e-20,TRUE
"Cre02.g081950",-2.94855811495905,3.40974770953174e-19,TRUE
"Cre02.g082400",2.38016806866498,8.28225047826213e-34,TRUE
"Cre02.g082650",2.51608614677494,0.0360903148774062,TRUE
"Cre02.g084700",3.86480497764742,1.2360209689512e-14,TRUE
"Cre02.g085100",-4.12821881521121,3.18773945434343e-40,TRUE
"Cre02.g085500",5.98983288650903,5.03882551373653e-32,TRUE
"Cre02.g085550",2.61101699510474,9.61976187376664e-55,TRUE
"Cre02.g086150",-2.98630333553312,1.39041954841911e-12,TRUE
"Cre02.g087500",-3.46509248140177,6.02327647064711e-62,TRUE
"Cre02.g087629",2.97823058674086,1.26470889842153e-09,TRUE
"Cre02.g087700",2.14333058849353,2.4538266153589e-49,TRUE
"Cre02.g087800",-2.54505464136293,1.2536231975106e-31,TRUE
"Cre02.g087900",-2.21175617333149,4.18825107355482e-14,TRUE
"Cre02.g089400",6.64334899391757,1.44640905416031e-23,TRUE
"Cre02.g089450",-2.11109215888034,1.46208134351058e-13,TRUE
"Cre02.g089500",-5.86720447680452,6.65888942822513e-19,TRUE
"Cre02.g089950",-2.56712941813922,1.87591623857835e-18,TRUE
"Cre02.g090050",-3.81061237663039,4.42990011612043e-14,TRUE
"Cre02.g091700",-2.51282331026711,5.80290621480827e-24,TRUE
"Cre02.g091900",-2.74942687958196,7.05816635827518e-31,TRUE
"Cre02.g092700",-3.01614051938679,1.81498206033317e-40,TRUE
"Cre02.g092800",-2.64035935690643,4.43610257207431e-30,TRUE
"Cre02.g092850",-2.81593317189302,3.17109306887984e-26,TRUE
"Cre02.g095150",-2.00788176236539,2.01426974376548e-10,TRUE
"Cre02.g097100",2.52239567419821,2.07479743576465e-19,TRUE
"Cre02.g098000",3.89512252117225,0.000582304799272853,TRUE
"Cre02.g099900",2.10334405800453,2.79795289043322e-06,TRUE
"Cre02.g100450",-2.16292137396376,1.0358127502953e-23,TRUE
"Cre02.g100900",2.39220591690092,0.000287349733213409,TRUE
"Cre02.g102300",3.49620051034542,0.0058889760195476,TRUE
"Cre02.g102650",-3.51411890180253,2.24481931843185e-30,TRUE
"Cre02.g103250",2.3887478306859,6.87514829563866e-45,TRUE
"Cre02.g103300",-4.19551648616908,2.27415819591205e-49,TRUE
"Cre02.g104400",2.37854801490926,2.6165914291669e-06,TRUE
"Cre02.g105700",2.47504231507381,6.68607550784239e-29,TRUE
"Cre02.g105950",-2.05142322106144,5.90303529742713e-21,TRUE
"Cre02.g107213",2.41807380241048,0.0162922528488548,TRUE
"Cre02.g107650",-2.73568021975421,0.00329292749214976,TRUE
"Cre02.g107950",-2.18718892014973,1.42479905527595e-12,TRUE
"Cre02.g109100",-3.92053382313616,6.57650375152661e-66,TRUE
"Cre02.g110800",-2.56603912451398,3.27242967127785e-22,TRUE
"Cre02.g112250",-2.29426852683997,6.62225821330619e-23,TRUE
"Cre02.g113400",-2.59672236232682,2.35592264251871e-23,TRUE
"Cre02.g113900",2.3118006903999,0.000108598964538768,TRUE
"Cre02.g114150",2.69615635103028,3.00439026872301e-11,TRUE
"Cre02.g114950",-2.18982200859636,1.04068829453253e-06,TRUE
"Cre02.g115450",-2.00696154472495,5.33849643413098e-09,TRUE
"Cre02.g115500",-3.71305276398147,5.83579280640667e-10,TRUE
"Cre02.g115508",-2.25975298919175,2.62225489301497e-07,TRUE
"Cre02.g116100",-2.55993189561541,1.95014186487514e-34,TRUE
"Cre02.g116350",2.41751583712932,2.00785232444772e-15,TRUE
"Cre02.g117100",3.13930572680855,2.74034820208215e-20,TRUE
"Cre02.g117150",2.6952543163704,1.00328252971193e-09,TRUE
"Cre02.g117600",2.03925811880852,0.000317400710856748,TRUE
"Cre02.g118800",2.28033734659858,1.93117572756992e-15,TRUE
"Cre02.g120000",-4.66989035423058,6.25984738725074e-16,TRUE
"Cre02.g141400",2.03421813001325,2.36564991608233e-11,TRUE
"Cre02.g141600",-2.01859344320354,2.13970691104623e-06,TRUE
"Cre02.g142050",-2.21236824600495,8.36926775004313e-12,TRUE
"Cre02.g143150",2.66845752078047,4.83699978005297e-13,TRUE
"Cre02.g143900",2.82689357640969,3.68137096543452e-41,TRUE
"Cre02.g144450",-2.72424295984006,5.75033729253641e-23,TRUE
"Cre02.g144750",-3.20736434639278,7.15170617363796e-17,TRUE
"Cre02.g145200",2.33010505507136,7.81574948114315e-21,TRUE
"Cre02.g145628",-2.40290623995454,1.41133972440974e-10,TRUE
"Cre02.g145850",-2.55636159314983,1.68611118877505e-24,TRUE
"Cre02.g145900",-2.30689835070277,3.40414251093809e-22,TRUE
"Cre02.g147650",-2.22974154476863,1.48545245988381e-23,TRUE
"Cre02.g147750",-2.54547150056003,2.41292280739458e-12,TRUE
"Cre03.g148400",5.41683477836237,4.17312263736226e-08,TRUE
"Cre03.g148500",-8.55415893024637,5.2405783437234e-55,TRUE
"Cre03.g149350",-5.42833235415874,4.41542801768566e-64,TRUE
"Cre03.g149400",-2.50700100947787,8.12812018998395e-17,TRUE
"Cre03.g149650",2.05844746298027,1.75410197306228e-16,TRUE
"Cre03.g150000",2.90272368220812,1.05749359194712e-45,TRUE
"Cre03.g150500",2.22874671004904,1.78553818069501e-18,TRUE
"Cre03.g151450",-2.84918494389111,2.92785866644559e-21,TRUE
"Cre03.g151650",3.82885596151839,1.59683250843329e-08,TRUE
"Cre03.g152600",-4.15782795219773,7.24074534953708e-46,TRUE
"Cre03.g152750",-5.92252210498643,6.5736967396657e-22,TRUE
"Cre03.g153650",2.86509324408147,0.0379982546760222,TRUE
"Cre03.g153950",-2.03624701769543,7.61474158404129e-10,TRUE
"Cre03.g154950",2.84098528149139,1.21903056102733e-17,TRUE
"Cre03.g155150",2.26192793333601,0.000354179950653688,TRUE
"Cre03.g155350",2.41329593120488,2.56875378618613e-05,TRUE
"Cre03.g156850",-2.44825047642548,3.29080633160642e-24,TRUE
"Cre03.g157455",-3.23184314731783,5.56114017706987e-20,TRUE
"Cre03.g159078",-2.21006957167759,0.00330273932273747,TRUE
"Cre03.g159700",2.46440856321644,6.181814793683e-26,TRUE
"Cre03.g162500",-2.76742275285612,1.51268070610751e-23,TRUE
"Cre03.g162800",10.332550909024,7.84430368753235e-22,TRUE
"Cre03.g162850",-4.59141690892185,3.01747539183582e-88,TRUE
"Cre03.g163200",2.43139159308626,1.79605305451363e-40,TRUE
"Cre03.g163400",-4.10183334508597,1.26959029440443e-100,TRUE
"Cre03.g163650",2.69135853863744,4.04117778572406e-12,TRUE
"Cre03.g163950",2.42829090600302,1.57995277711095e-16,TRUE
"Cre03.g165700",3.09447754175871,9.12870819244541e-39,TRUE
"Cre03.g166550",-2.44542186208972,3.12911290212327e-11,TRUE
"Cre03.g166800",-2.17523159843547,3.29476366270345e-11,TRUE
"Cre03.g167350",-3.25199998414113,1.92168862496646e-09,TRUE
"Cre03.g169100",-2.45578466374405,6.10935963835413e-08,TRUE
"Cre03.g170050",-2.12500416584131,5.04478354711655e-25,TRUE
"Cre03.g170250",-3.35848516548502,1.8484350012106e-12,TRUE
"Cre03.g170600",-2.24855355436838,0.00029523322514105,TRUE
"Cre03.g171900",-3.29723553726308,1.02123669073479e-41,TRUE
"Cre03.g174250",-2.10524409034943,1.40594268501848e-20,TRUE
"Cre03.g176150",-2.75443053351174,9.87038210102613e-13,TRUE
"Cre03.g176961",-2.75297045287365,2.99969071380744e-08,TRUE
"Cre03.g177150",2.02888169792809,1.35043037483174e-06,TRUE
"Cre03.g177800",7.01981025023298,3.17062760453629e-29,TRUE
"Cre03.g178014",-2.64395000608645,0.00351701378642483,TRUE
"Cre03.g178350",-2.58954302644799,1.34792907503518e-27,TRUE
"Cre03.g178500",-2.07037084079546,3.01118515789489e-14,TRUE
"Cre03.g179200",-2.57797525386438,7.17774820058825e-109,TRUE
"Cre03.g179700",2.64739768744462,2.21298013369272e-16,TRUE
"Cre03.g180450",-2.51951270307984,3.62704050192545e-45,TRUE
"Cre03.g180750",-2.1548534867728,4.63403960384734e-05,TRUE
"Cre03.g181250",2.80403166059831,3.1605711480257e-29,TRUE
"Cre03.g182000",-2.57944362930397,5.16041734168556e-74,TRUE
"Cre03.g185700",2.6214536434922,2.1215041036963e-19,TRUE
"Cre03.g186050",-3.31757833581868,5.13689116863459e-98,TRUE
"Cre03.g187100",3.86421858895386,7.73376680365249e-06,TRUE
"Cre03.g188400",3.32282668194836,1.92531282683043e-25,TRUE
"Cre03.g190950",-2.1495243509049,2.58554718429709e-17,TRUE
"Cre03.g192050",-4.70939971223951,4.9660220136962e-28,TRUE
"Cre03.g192200",-3.45904102951645,7.76239389097728e-13,TRUE
"Cre03.g192250",-2.20853923853495,1.48072092996026e-08,TRUE
"Cre03.g195150",-3.17662461686414,2.06431823109517e-52,TRUE
"Cre03.g196800",3.46505877348009,0.03183318309667,TRUE
"Cre03.g197950",2.26275194462522,0.0189486614719054,TRUE
"Cre03.g198400",-2.02163705391521,8.68228704308204e-08,TRUE
"Cre03.g199050",-5.35361882411916,6.16504094521509e-14,TRUE
"Cre03.g199500",-3.45300454945978,9.35056128696817e-38,TRUE
"Cre03.g200150",-2.38860475304473,9.69250436666037e-14,TRUE
"Cre03.g200700",-2.01440653835384,5.36532326603721e-17,TRUE
"Cre03.g200850",-2.76096850435895,1.66780679911517e-13,TRUE
"Cre03.g201550",-4.49036792419161,3.467329811449e-21,TRUE
"Cre03.g201900",-2.30855085208458,1.00689388977035e-29,TRUE
"Cre03.g201950",-2.10302818980417,9.18753198618442e-11,TRUE
"Cre03.g203500",-2.3012223911625,1.24557647200071e-06,TRUE
"Cre03.g204212",-2.92228245459802,3.3142038045252e-05,TRUE
"Cre03.g204500",-7.13994474532649,9.45425329130987e-26,TRUE
"Cre03.g207300",3.15052664268459,0.000750964509876991,TRUE
"Cre03.g207800",7.01011401714906,2.06656506577517e-52,TRUE
"Cre04.g211750",-3.16139820874898,1.13023865950691e-30,TRUE
"Cre04.g212700",-2.75485366998525,1.35496304161022e-27,TRUE
"Cre04.g213000",-2.15501105425364,9.12282935625992e-11,TRUE
"Cre04.g214550",2.34287085916285,0.0244168091627954,TRUE
"Cre04.g214600",-2.91354886053346,2.53059357964506e-14,TRUE
"Cre04.g215050",-2.24505615216789,2.29547922936826e-05,TRUE
"Cre04.g215200",3.74420581023326,0.00117884099486288,TRUE
"Cre04.g215700",-3.45378459695704,9.2159756049206e-07,TRUE
"Cre04.g215900",-2.14186616933676,6.19442679453702e-10,TRUE
"Cre04.g216811",-2.85696641738147,1.05412647488132e-16,TRUE
"Cre04.g218950",2.08493673195263,2.62239687676019e-10,TRUE
"Cre04.g219050",-4.13944518228812,4.9571165311018e-39,TRUE
"Cre04.g219100",-3.71126649019368,9.66977407779738e-15,TRUE
"Cre04.g219150",-4.48436471668305,1.19742912461738e-43,TRUE
"Cre04.g220800",-3.52235112827092,3.00626074820051e-33,TRUE
"Cre04.g221770",2.7361241556978,8.26508995492394e-05,TRUE
"Cre04.g223300",2.19306602334424,0.00202929451189717,TRUE
"Cre04.g224200",-2.3317352797631,9.89599727451462e-41,TRUE
"Cre04.g224250",-2.35639808761457,1.75351456713981e-26,TRUE
"Cre04.g224650",-2.73289736649329,1.50618405869872e-29,TRUE
"Cre04.g224800",-3.3962797327868,3.48766163848789e-27,TRUE
"Cre04.g224850",2.12527459147617,4.54953292959212e-05,TRUE
"Cre04.g226600",-3.29098310771672,8.85969647879886e-07,TRUE
"Cre04.g226750",7.68929004781338,3.81942095276703e-29,TRUE
"Cre04.g227400",-4.43364987960805,1.73029046081204e-17,TRUE
"Cre04.g227600",3.02905950622802,0.00365506884861936,TRUE
"Cre04.g227950",-3.8219551582714,7.23042216229352e-30,TRUE
"Cre04.g228250",-2.06615907198221,7.37491436066234e-36,TRUE
"Cre05.g230700",2.26411942350609,0.00153469291991429,TRUE
"Cre05.g233600",2.49587316025715,5.16965199071005e-43,TRUE
"Cre05.g233850",2.36925334757416,7.67651826714233e-20,TRUE
"Cre05.g235355",-2.1996310237084,4.17010297450802e-08,TRUE
"Cre05.g235600",-2.28376359332227,1.34772648228478e-08,TRUE
"Cre05.g235800",-3.95773930115662,2.5509415349979e-37,TRUE
"Cre05.g235950",2.65086715103466,4.01062094962667e-10,TRUE
"Cre05.g238140",-2.0357136823849,1.24435253260924e-06,TRUE
"Cre05.g238550",-2.45461602647017,7.51515919272976e-33,TRUE
"Cre05.g238935",-2.62588663851637,5.83557102046897e-13,TRUE
"Cre05.g239350",-2.47428044500133,2.46353676510936e-13,TRUE
"Cre05.g239450",-2.02941496369888,3.04320661361134e-06,TRUE
"Cre05.g239700",-2.22095653576761,3.30592927729373e-26,TRUE
"Cre05.g239750",-3.0735936035089,2.32868453905072e-30,TRUE
"Cre05.g239950",2.05633619620668,7.02640098208634e-11,TRUE
"Cre05.g240450",-2.54039652785199,1.05863126202703e-25,TRUE
"Cre05.g241350",-5.11464807514319,1.76572265026715e-104,TRUE
"Cre05.g241400",-3.59107299256636,1.82518636333641e-33,TRUE
"Cre05.g242500",-2.03617018583302,2.15212257646242e-23,TRUE
"Cre05.g242550",-2.06036251741607,3.77354946174e-20,TRUE
"Cre05.g243472",-4.29945032077455,1.08221216959532e-42,TRUE
"Cre05.g244400",2.62960110167416,2.13296750892062e-05,TRUE
"Cre05.g245100",2.07729111961303,1.39874769376697e-21,TRUE
"Cre05.g245600",-3.57066137981968,4.62589688033075e-31,TRUE
"Cre05.g245650",-2.5336167960849,5.5755425906343e-05,TRUE
"Cre05.g245700",-2.0886564507967,3.35569778178973e-24,TRUE
"Cre05.g246376",-2.3015435085136,9.70706461112547e-26,TRUE
"Cre05.g246600",4.49613438205943,1.26162935406636e-05,TRUE
"Cre05.g247200",-3.40690688077822,2.85302996142237e-22,TRUE
"Cre05.g248300",-3.53838557878707,5.15824366211807e-43,TRUE
"Cre05.g248400",3.37254286028878,2.1460685668941e-05,TRUE
"Cre05.g248450",3.43168567020787,2.20132143435895e-05,TRUE
"Cre06.g249400",2.66515933697033,0.000167832941238713,TRUE
"Cre06.g249550",-2.03686587860727,2.45311528588607e-10,TRUE
"Cre06.g250000",2.19146200261394,0.000156990631086708,TRUE
"Cre06.g250600",-2.09575712370297,0.0295587362843954,TRUE
"Cre06.g251550",-5.73383051293418,6.96813204040807e-14,TRUE
"Cre06.g254224",3.08063277545377,1.28248521161548e-06,TRUE
"Cre06.g254550",-7.99382845705654,2.74179547263799e-34,TRUE
"Cre06.g255750",2.24082442312786,3.09299298514072e-06,TRUE
"Cre06.g256150",-2.66732494028683,0.000113601562496604,TRUE
"Cre06.g256550",-2.02690064733095,0.0440730520861615,TRUE
"Cre06.g259500",-2.42759053061843,1.28117679816471e-13,TRUE
"Cre06.g259550",-4.02503418422206,1.3629346348683e-24,TRUE
"Cre06.g259700",2.60344307313025,1.82353593174034e-19,TRUE
"Cre06.g260550",-5.58855140292793,7.43825298604903e-49,TRUE
"Cre06.g260700",-2.82485150818687,1.08991614745158e-12,TRUE
"Cre06.g261600",2.35486642422005,0.00267370516029478,TRUE
"Cre06.g261900",-3.07917032796582,1.35177419387626e-51,TRUE
"Cre06.g263200",-5.83052171440372,8.89883518790848e-15,TRUE
"Cre06.g264100",-5.61260370036865,1.84710900807493e-132,TRUE
"Cre06.g265000",-2.04491918244867,0.0163358979113292,TRUE
"Cre06.g265050",-2.75468451336269,0.0358593303565332,TRUE
"Cre06.g266000",-2.96961768639183,3.97500733012096e-14,TRUE
"Cre06.g268937",2.01345265207348,1.03703075199391e-10,TRUE
"Cre06.g269150",-2.76498811697213,2.42622129638168e-07,TRUE
"Cre06.g269700",5.12290300951598,3.95741272769137e-17,TRUE
"Cre06.g270000",-2.87962735742214,4.380678512727e-34,TRUE
"Cre06.g270400",2.21390458577141,2.80339488617054e-13,TRUE
"Cre06.g270500",-4.93141057782495,4.15975591146071e-27,TRUE
"Cre06.g271500",5.3159114459192,3.38372539812541e-22,TRUE
"Cre06.g273100",-4.22882025236092,3.25424294284108e-32,TRUE
"Cre06.g273400",-2.56998310497306,8.37962383448913e-05,TRUE
"Cre06.g273950",-2.73164787091668,0.0120492727060205,TRUE
"Cre06.g274150",-3.47506165189909,0.000303896524014549,TRUE
"Cre06.g274300",-2.3334233269328,0.0107068259563404,TRUE
"Cre06.g275250",-2.48730137799523,2.39440929287928e-20,TRUE
"Cre06.g275500",2.09532016930255,3.40883286593932e-24,TRUE
"Cre06.g275850",-2.65328122761103,0.0183978952586707,TRUE
"Cre06.g275900",-2.36886050896988,0.00235880042220409,TRUE
"Cre06.g276050",2.48285332997593,2.89863035703646e-25,TRUE
"Cre06.g276350",2.27868633744527,2.30933746779045e-06,TRUE
"Cre06.g276650",-3.0136475773057,0.00566831784780871,TRUE
"Cre06.g276800",-3.875759995164,0.000184802749984276,TRUE
"Cre06.g277960",-2.14636585327297,1.70658179209684e-17,TRUE
"Cre06.g279350",2.83377286847158,2.4798768036016e-28,TRUE
"Cre06.g280600",3.1721912627221,1.13846264038363e-08,TRUE
"Cre06.g280750",2.51993418213241,1.24058367119305e-10,TRUE
"Cre06.g281350",2.6847874159341,1.63046453004703e-34,TRUE
"Cre06.g282050",2.1511626179208,2.25172166700735e-07,TRUE
"Cre06.g282100",2.80943830768474,0.00325891120921607,TRUE
"Cre06.g282800",2.0872089131371,1.42449384467554e-07,TRUE
"Cre06.g283900",3.00306986935118,1.32790632395575e-10,TRUE
"Cre06.g284200",2.48731324553235,2.79155286103133e-09,TRUE
"Cre06.g285550",-4.48495601053608,9.13829338306272e-45,TRUE
"Cre06.g288150",3.03351755286571,5.85251452744488e-05,TRUE
"Cre06.g288850",3.5099094706875,3.04132748910325e-22,TRUE
"Cre06.g288900",-2.19625412856629,2.80949692272071e-20,TRUE
"Cre06.g288908",-3.00511291623183,5.4269233761998e-18,TRUE
"Cre06.g289300",3.36657230868822,4.13233864182461e-16,TRUE
"Cre06.g290200",-2.2543054740758,2.28006435874856e-23,TRUE
"Cre06.g291500",-5.20666744063991,8.40427486434807e-38,TRUE
"Cre06.g291700",-2.372854957658,5.98935973700689e-33,TRUE
"Cre06.g293100",-6.4443067529275,1.37007764012105e-19,TRUE
"Cre06.g294000",2.71958561804702,4.80572664511734e-19,TRUE
"Cre06.g294150",-5.59469879401178,6.14718841580835e-11,TRUE
"Cre06.g294250",2.10153260200475,2.17861378003138e-05,TRUE
"Cre06.g295450",3.06914861245335,6.60233787070526e-13,TRUE
"Cre06.g297500",3.68338248826673,1.88550516154802e-08,TRUE
"Cre06.g299550",2.1109525783774,7.19468352749053e-06,TRUE
"Cre06.g300500",-4.11520314422361,2.85537874205513e-27,TRUE
"Cre06.g305350",-3.10717893060241,6.10013982841799e-30,TRUE
"Cre06.g306900",-4.76106826327281,1.43865057925715e-32,TRUE
"Cre06.g307500",3.16988958289789,4.04629381951339e-07,TRUE
"Cre06.g308200",-4.52832695245204,1.50062359459227e-94,TRUE
"Cre06.g308650",-2.61617621589471,3.02089017483464e-25,TRUE
"Cre06.g310200",-2.20120817631211,4.63961408800533e-19,TRUE
"Cre06.g310800",-2.09665040106844,3.61985898853056e-11,TRUE
"Cre06.g310900",-2.51831221164974,2.43917328590766e-36,TRUE
"Cre06.g310950",3.63297968985406,2.55327845244396e-76,TRUE
"Cre06.g311500",2.14932798425994,6.05477331446426e-12,TRUE
"Cre07.g314500",-3.39339274324307,2.28267091993194e-17,TRUE
"Cre07.g315250",3.19081072649073,5.5986174929377e-10,TRUE
"Cre07.g315550",2.60625207413449,1.03939386945097e-23,TRUE
"Cre07.g318600",3.62411539116258,7.45022938895154e-05,TRUE
"Cre07.g318800",-5.16608776977532,1.01414691148092e-16,TRUE
"Cre07.g320700",-2.68062289862002,2.4036877243018e-18,TRUE
"Cre07.g321400",-2.60257109869071,7.75654567699997e-10,TRUE
"Cre07.g321600",2.31986719235439,0.00102548575813938,TRUE
"Cre07.g321800",4.03534086369553,2.2317728506308e-09,TRUE
"Cre07.g322800",-3.1132214634123,1.33488381352983e-50,TRUE
"Cre07.g322850",-2.16301626026427,1.06654433470055e-14,TRUE
"Cre07.g323350",2.30219755377434,2.47187521347198e-07,TRUE
"Cre07.g323400",3.8056480592873,6.47767952434097e-06,TRUE
"Cre07.g324650",2.65344402132567,0.000451998722133603,TRUE
"Cre07.g324700",3.1831590417523,0.00188164379388467,TRUE
"Cre07.g325200",2.69369128827776,0.00792420419573518,TRUE
"Cre07.g325700",2.07609235320921,3.70709367752997e-06,TRUE
"Cre07.g325850",-2.80099337032735,0.0241962139855263,TRUE
"Cre07.g326750",-2.35752451414363,3.50852550414861e-32,TRUE
"Cre07.g327650",-2.87915276188269,7.05370301052287e-12,TRUE
"Cre07.g327950",-3.06425169713333,0.00293408810098127,TRUE
"Cre07.g329277",2.415911223363,3.42380617544137e-40,TRUE
"Cre07.g330200",-2.47689020260554,5.00719983653513e-27,TRUE
"Cre07.g331700",-3.86681051613472,3.85659389098776e-16,TRUE
"Cre07.g332350",-2.23242670237941,1.72534142969589e-17,TRUE
"Cre07.g332600",2.10594734281816,5.0441251912348e-19,TRUE
"Cre07.g332950",-3.38574491598881,7.80550284355681e-17,TRUE
"Cre07.g334150",-4.06068969256386,1.49033128806583e-37,TRUE
"Cre07.g334750",-2.89582449999438,8.46185022834757e-12,TRUE
"Cre07.g335250",-3.16436049670329,5.19498979634791e-12,TRUE
"Cre07.g336150",-3.85354963235903,3.2257348930413e-21,TRUE
"Cre07.g336800",-5.57965256260466,2.91703037721603e-62,TRUE
"Cre07.g338450",2.23962263266817,2.0933984578831e-17,TRUE
"Cre07.g338665",-3.88759579674865,2.85884338112452e-49,TRUE
"Cre07.g339550",2.4581524067196,4.59624146847934e-09,TRUE
"Cre07.g339850",-2.81026198311633,1.78274584396555e-11,TRUE
"Cre07.g340400",-2.74366078215755,1.1046521286601e-24,TRUE
"Cre07.g340850",2.67943392772635,4.6327791992737e-24,TRUE
"Cre07.g346850",-2.59726401002562,6.38302110621276e-22,TRUE
"Cre07.g346900",-2.45546683788623,1.25368914571209e-08,TRUE
"Cre07.g346950",-2.20772700066727,1.18772282008561e-09,TRUE
"Cre07.g347050",-2.18899700050676,6.72421681540154e-22,TRUE
"Cre07.g347150",-2.01152290812842,5.27073325362666e-10,TRUE
"Cre07.g347650",2.87138470008046,3.86439340589507e-05,TRUE
"Cre07.g347950",2.99507196982111,0.00628451756467257,TRUE
"Cre07.g348550",2.72817523641818,0.00650353102450287,TRUE
"Cre07.g348650",-3.75256157020658,3.70698654633407e-43,TRUE
"Cre07.g349200",2.12019825866495,1.69869187400884e-06,TRUE
"Cre07.g349700",-2.03421418199793,5.59256505681261e-12,TRUE
"Cre07.g349750",-2.2182003445218,2.77108521471577e-09,TRUE
"Cre07.g349800",-6.9051676053701,7.03904539225633e-20,TRUE
"Cre07.g350300",-2.09265855026706,3.74828258688766e-08,TRUE
"Cre07.g350451",-2.16195574238691,1.60334389049295e-08,TRUE
"Cre07.g351650",-2.23993311800266,1.28360480685994e-23,TRUE
"Cre07.g351950",5.00922442231644,4.61309802298322e-19,TRUE
"Cre07.g353250",3.39312691968322,1.29427465538903e-20,TRUE
"Cre07.g353837",-3.27433148195009,2.02752258514424e-16,TRUE
"Cre07.g354088",3.71690842392497,0.000108390418635048,TRUE
"Cre07.g355150",2.56377756425101,6.13285349677363e-15,TRUE
"Cre07.g355800",-4.09229029247982,8.72631110977298e-24,TRUE
"Cre07.g355950",-3.07441096770959,4.0986196879265e-13,TRUE
"Cre07.g356450",3.26317300091465,4.04936874519265e-19,TRUE
"Cre07.g357100",4.31456671838495,1.18899727936493e-06,TRUE
"Cre07.g357150",2.35895397703708,0.0304173113611491,TRUE
"Cre07.g357700",3.17059830958291,8.29573457465796e-30,TRUE
"Cre08.g358100",2.44873671038739,1.46807637206723e-10,TRUE
"Cre08.g359250",2.00062073933037,0.009141024279053,TRUE
"Cre08.g359300",-4.31973520968315,3.33286377271054e-12,TRUE
"Cre08.g359600",-5.6467899108139,8.00337537879675e-34,TRUE
"Cre08.g360444",-4.50381961945079,2.61471802509037e-06,TRUE
"Cre08.g360450",-5.43853874930006,1.99156723732784e-51,TRUE
"Cre08.g360550",3.15850581383902,2.99219866803821e-23,TRUE
"Cre08.g360564",2.70914643241261,1.28509656886223e-20,TRUE
"Cre08.g361350",-2.68272239158363,1.07457251031624e-09,TRUE
"Cre08.g362600",-4.32443651468171,3.78722330098076e-20,TRUE
"Cre08.g363000",2.65027438905074,0.000587519614197644,TRUE
"Cre08.g363100",-2.97017232658515,6.66101633413516e-12,TRUE
"Cre08.g363350",2.31466365002759,2.17422286181457e-06,TRUE
"Cre08.g364100",2.31199302767334,0.000564466712976923,TRUE
"Cre08.g364600",-2.31196231870757,8.64571719107496e-10,TRUE
"Cre08.g364950",-6.7626242467333,4.43979169664694e-60,TRUE
"Cre08.g365050",-2.68884133882166,1.32602287988303e-31,TRUE
"Cre08.g365200",-5.31899032134066,1.30432481209002e-54,TRUE
"Cre08.g365300",-5.53466415174042,7.88909308214932e-47,TRUE
"Cre08.g365350",2.24306228494787,4.37983394889605e-05,TRUE
"Cre08.g366050",-3.4333876850451,5.23752798650052e-06,TRUE
"Cre08.g366300",-2.50166799761759,4.98519482161007e-58,TRUE
"Cre08.g366579",2.82933618683258,2.15191461200206e-18,TRUE
"Cre08.g366650",2.17873578981365,1.06190963938806e-20,TRUE
"Cre08.g367100",2.12407344171844,6.4791235312825e-19,TRUE
"Cre08.g367550",-2.08050945128065,1.10352440297503e-14,TRUE
"Cre08.g367876",-2.63692587410257,0.0205516111040759,TRUE
"Cre08.g368600",-2.47055071701147,1.05341851245396e-05,TRUE
"Cre08.g368850",-9.43881476061439,2.73065626156184e-72,TRUE
"Cre08.g369200",-2.67223165451996,5.0623817271608e-20,TRUE
"Cre08.g370150",-2.21192568582279,2.40593576321826e-10,TRUE
"Cre08.g370550",2.09475120566219,2.01943974995991e-14,TRUE
"Cre08.g370950",-2.6867763909991,2.68013183452227e-08,TRUE
"Cre08.g372100",-2.04109459993053,1.85997744368783e-12,TRUE
"Cre08.g372150",-2.85098245446959,0.00562791129996097,TRUE
"Cre08.g374200",-3.33283711153225,6.93455133796975e-58,TRUE
"Cre08.g374600",-2.03777033689748,7.67000038529595e-05,TRUE
"Cre08.g375400",-5.68730506455354,1.71270204365989e-47,TRUE
"Cre08.g375450",2.15140746094303,7.42868898172695e-29,TRUE
"Cre08.g375950",2.13081098951359,2.62171150139055e-12,TRUE
"Cre08.g376550",-2.07790096716733,3.37554404125722e-18,TRUE
"Cre08.g376650",2.3822321130833,1.95109274941263e-24,TRUE
"Cre08.g377350",-2.28219657608228,3.37418467326717e-28,TRUE
"Cre08.g377650",3.90244284731571,4.64618319913263e-06,TRUE
"Cre08.g380000",3.01600779256967,2.144844576082e-25,TRUE
"Cre08.g381600",5.81043896026769,3.70351413044791e-59,TRUE
"Cre08.g381850",-3.63884900782231,3.05947413636116e-22,TRUE
"Cre08.g382050",2.63866050854858,1.92381168565752e-11,TRUE
"Cre08.g383950",2.93473070903482,1.63266243005392e-44,TRUE
"Cre08.g384050",3.95404345471958,2.89685002940054e-32,TRUE
"Cre08.g384250",-2.27708721031951,3.69559708670532e-19,TRUE
"Cre08.g384750",3.14170395146117,9.79102057815376e-63,TRUE
"Cre08.g385350",4.10379387689573,5.34186882429472e-52,TRUE
"Cre09.g387200",-4.02690642713562,3.99273489218962e-27,TRUE
"Cre09.g387450",2.0971777579487,2.24200378412853e-13,TRUE
"Cre09.g387800",-2.61871673530066,5.17440648836138e-17,TRUE
"Cre09.g388900",2.53894245921556,9.27864543384173e-18,TRUE
"Cre09.g389050",-7.72555396806576,7.31612063874785e-105,TRUE
"Cre09.g389150",-2.50128637031071,3.23108400535137e-31,TRUE
"Cre09.g391150",5.00230298770933,1.55870777825946e-24,TRUE
"Cre09.g391400",2.21243278555852,9.21458210059352e-07,TRUE
"Cre09.g391450",2.32727491167902,0.00136370318711734,TRUE
"Cre09.g391650",2.20898816563468,0.000381934466713098,TRUE
"Cre09.g393000",-5.31722922896703,6.88852435626238e-08,TRUE
"Cre09.g393850",-4.16050343542702,1.17574954600481e-39,TRUE
"Cre09.g395750",3.5313504383938,1.19082273203195e-22,TRUE
"Cre09.g395850",-5.43501273932976,1.5468084811804e-45,TRUE
"Cre09.g396100",-2.52408059715195,1.68734778310332e-12,TRUE
"Cre09.g396586",3.37000257952905,3.94513621286073e-07,TRUE
"Cre09.g397600",4.43821507369472,7.09482833375586e-23,TRUE
"Cre09.g397850",-5.30440690175592,1.45737420984491e-21,TRUE
"Cre09.g398050",3.14949405352229,4.67385622693708e-24,TRUE
"Cre09.g398400",3.17857838879627,2.36830024213664e-11,TRUE
"Cre09.g399000",2.18845336584816,7.53662898029871e-05,TRUE
"Cre09.g399250",7.50149023030863,1.80821013515716e-13,TRUE
"Cre09.g399950",2.72046707074123,0.0439549053097589,TRUE
"Cre09.g400200",-2.21241824275598,9.51648641210347e-10,TRUE
"Cre09.g400600",-2.75500328868919,7.12523970243399e-18,TRUE
"Cre09.g400800",-3.55784544714624,9.2419824359309e-15,TRUE
"Cre09.g401900",-2.60207612895728,1.27329455524669e-16,TRUE
"Cre09.g402050",-3.22307957196532,3.59116194627977e-25,TRUE
"Cre09.g402400",-3.20767230692032,2.74122154891032e-35,TRUE
"Cre09.g403650",-2.82276277066936,1.37226020194185e-36,TRUE
"Cre09.g403700",-5.2478936711945,9.37932365011959e-28,TRUE
"Cre09.g404050",-2.38360141404866,6.49764267778697e-43,TRUE
"Cre09.g404750",3.57609092295168,1.80484219246079e-06,TRUE
"Cre09.g404800",3.73742128892858,0.000283213561705398,TRUE
"Cre09.g405500",2.79190341914623,2.41533196437618e-26,TRUE
"Cre09.g406150",-2.75278044359072,9.37336665827617e-12,TRUE
"Cre09.g406600",-2.79454812030755,8.55557930434475e-11,TRUE
"Cre09.g406700",-4.49063034567112,4.19788644400089e-49,TRUE
"Cre09.g409600",-2.81155805157397,1.32033384059343e-24,TRUE
"Cre09.g409728",-2.09211664104492,0.00264741788238148,TRUE
"Cre09.g409950",-2.67548572483897,5.35553359292324e-44,TRUE
"Cre09.g410087",-3.06824591576279,3.40058087561139e-06,TRUE
"Cre09.g410150",-3.72780123452173,7.18711809062894e-52,TRUE
"Cre09.g410850",-2.89158269119255,0.00151289222927051,TRUE
"Cre09.g410900",-3.06319959173733,5.17524413551522e-07,TRUE
"Cre09.g410950",-3.60911719172894,2.73391162691924e-06,TRUE
"Cre09.g411600",-2.38276319956981,8.75095310077082e-40,TRUE
"Cre09.g411850",4.124260203784,5.10240255813653e-10,TRUE
"Cre09.g413100",2.74624747081114,4.47451560855257e-15,TRUE
"Cre09.g414450",2.77300953436693,3.38806201814677e-13,TRUE
"Cre09.g414750",-5.7780837110874,6.20004653302118e-27,TRUE
"Cre09.g416300",-2.58591073927989,7.17575182493725e-31,TRUE
"Cre09.g417000",-2.04773748577078,0.00467987233390645,TRUE
"Cre10.g419300",2.46659369962788,9.33004881241992e-07,TRUE
"Cre10.g420561",-2.41203746978396,6.07278905958513e-10,TRUE
"Cre10.g420600",-3.43500211217365,7.14041342074853e-36,TRUE
"Cre10.g421021",-5.34125891962192,1.14461424190725e-45,TRUE
"Cre10.g421150",-2.05494568669459,1.26326191801472e-27,TRUE
"Cre10.g422750",-3.22183735254636,2.12452349190519e-27,TRUE
"Cre10.g422850",3.13062578844398,1.39341381614942e-23,TRUE
"Cre10.g423550",2.44170565917666,1.06372821967079e-31,TRUE
"Cre10.g424250",-3.08269309108654,3.2566271661162e-29,TRUE
"Cre10.g424750",3.86531327507836,1.73058171202896e-07,TRUE
"Cre10.g426500",2.26186221984368,4.59303833971263e-21,TRUE
"Cre10.g426800",2.41002476696603,1.38214860973934e-06,TRUE
"Cre10.g426850",3.42384301569164,5.37369819999932e-07,TRUE
"Cre10.g426900",2.03608645664919,0.000578565730820786,TRUE
"Cre10.g427000",2.02535902958982,2.57527403887654e-15,TRUE
"Cre10.g427300",-2.03469973310415,6.05914762308285e-25,TRUE
"Cre10.g427950",-3.90945786491921,1.04617547749511e-51,TRUE
"Cre10.g429936",2.12474443480534,0.03940870073624,TRUE
"Cre10.g432150",2.45609266566744,1.30500304396352e-16,TRUE
"Cre10.g432650",-2.35083676419798,5.58363505955486e-14,TRUE
"Cre10.g432770",-2.43688383381154,4.07499729440404e-27,TRUE
"Cre10.g433800",-2.51573025606331,6.47646482630868e-09,TRUE
"Cre10.g434350",-2.01693513200855,1.50607484308689e-07,TRUE
"Cre10.g437250",-2.50257969895963,0.00529356052052256,TRUE
"Cre10.g437300",-2.3739488929847,0.000104912248073154,TRUE
"Cre10.g437600",2.88417084270755,0.000525126278503809,TRUE
"Cre10.g439450",-4.33888753499644,1.96674944794226e-16,TRUE
"Cre10.g439500",-2.09365902411512,0.00243322141935505,TRUE
"Cre10.g441150",2.14696223982915,5.9067601150399e-05,TRUE
"Cre10.g442750",-2.1990476436298,2.43590368354655e-05,TRUE
"Cre10.g444550",2.05230060585901,1.10393224895282e-33,TRUE
"Cre10.g446600",2.28022850060443,4.35305844105021e-12,TRUE
"Cre10.g447450",-2.90977390780851,7.73971593028357e-34,TRUE
"Cre10.g447800",-2.03540407379256,9.36845332826274e-09,TRUE
"Cre10.g447900",2.13883005015881,0.0266809914899801,TRUE
"Cre10.g448500",-3.86390753498324,1.17845554924658e-06,TRUE
"Cre10.g448550",-3.5614052346058,8.9630909925706e-22,TRUE
"Cre10.g448977",-2.45694236898182,1.48546388886743e-07,TRUE
"Cre10.g449750",2.92415911137196,2.39480525291955e-21,TRUE
"Cre10.g450600",-2.13381058464719,2.43103525358332e-10,TRUE
"Cre10.g451450",-3.19796992883765,2.61406453264756e-89,TRUE
"Cre10.g452800",3.1345005770962,7.49222312724419e-08,TRUE
"Cre10.g453250",3.55738014406259,8.3466950670251e-07,TRUE
"Cre10.g453400",2.95452200395488,4.89514898468498e-54,TRUE
"Cre10.g453500",-2.70183183215856,2.06896837037534e-25,TRUE
"Cre10.g453550",3.34380416572111,5.68551347534959e-15,TRUE
"Cre10.g453700",2.01639037290792,7.42640996677706e-32,TRUE
"Cre10.g453850",6.55204385228647,6.52687091795596e-07,TRUE
"Cre10.g456600",-3.73432270153274,7.79370542856044e-51,TRUE
"Cre10.g457013",-3.15541494267092,3.11451473579342e-36,TRUE
"Cre10.g458224",-3.90722326297175,3.2843891345391e-33,TRUE
"Cre10.g458600",-3.15502478710599,1.54062557569055e-35,TRUE
"Cre10.g459000",2.06990321274709,9.87877258206417e-30,TRUE
"Cre10.g459850",2.92511660657483,0.0225256752946701,TRUE
"Cre10.g461100",-2.1372461752664,9.29041107808329e-06,TRUE
"Cre10.g461500",2.8542296388814,2.51870165048156e-68,TRUE
"Cre10.g462600",-2.40394057983316,1.69979156912853e-17,TRUE
"Cre10.g463200",2.18681302515821,1.34792907503518e-27,TRUE
"Cre10.g463350",-8.73604341497825,1.31827975004391e-54,TRUE
"Cre10.g463355",-6.61557164646846,3.02728907301708e-06,TRUE
"Cre10.g463370",-11.6076112502359,6.28296227326605e-42,TRUE
"Cre10.g463750",-2.76458834558513,1.64388314931064e-19,TRUE
"Cre10.g465250",-2.74699434310102,4.9062915275126e-30,TRUE
"Cre10.g466500",2.21247627390581,3.10145680639467e-07,TRUE
"Cre10.g466650",-2.80385151037708,1.08828330005994e-28,TRUE
"Cre10.g467000",-2.16804842779058,5.29970608456008e-28,TRUE
"Cre11.g468100",-2.23153933398233,3.61367599272365e-57,TRUE
"Cre11.g468800",-5.36268343532294,5.81238668504339e-51,TRUE
"Cre11.g468850",-2.16903159096352,3.60177013875079e-20,TRUE
"Cre11.g469350",-2.62452732892148,4.9062915275126e-30,TRUE
"Cre11.g469800",-3.17038867484223,1.74611153306987e-45,TRUE
"Cre11.g474900",2.26885053235959,5.5027668316348e-05,TRUE
"Cre11.g475300",-2.28830846950704,4.5583296644725e-17,TRUE
"Cre11.g475550",-4.65949410787609,1.5498471769752e-46,TRUE
"Cre11.g476550",3.68280986600258,5.78867495645609e-58,TRUE
"Cre11.g476600",-3.02410585781468,0.00673232526897295,TRUE
"Cre11.g477750",-2.00386708879586,4.86422539486155e-16,TRUE
"Cre11.g478300",2.82589082402246,1.24976658857899e-25,TRUE
"Cre11.g481050",-2.64489056029387,3.26840741306041e-22,TRUE
"Cre11.g481150",2.25171975551477,2.45131797708368e-17,TRUE
"Cre11.g481600",-2.6793002468082,1.50736847509231e-10,TRUE
"Cre11.g481750",-4.68903506328053,2.03733583130683e-18,TRUE
"Cre11.g481850",-2.35489886146167,6.20642734326486e-12,TRUE
"Cre11.g482650",2.20359167496097,2.50952225232105e-11,TRUE
"Cre12.g483500",2.13838378319958,1.20174145115246e-23,TRUE
"Cre12.g484900",-3.23554318332283,9.59302828783668e-36,TRUE
"Cre12.g485000",-2.29392046374895,1.15944423396939e-26,TRUE
"Cre12.g485050",-2.01578751063555,1.59469059260974e-20,TRUE
"Cre12.g485100",-2.11358999216706,1.50559852809357e-13,TRUE
"Cre12.g485453",-2.54403686648039,4.91836518294432e-12,TRUE
"Cre12.g486200",-2.69181690041071,1.69987757386184e-22,TRUE
"Cre12.g487000",-3.2475464930031,1.93850872730159e-19,TRUE
"Cre12.g487650",-5.03893699623237,3.71768651513884e-14,TRUE
"Cre12.g487700",-2.10697611656017,2.83603857247362e-08,TRUE
"Cre12.g487950",-2.42471971450983,1.73240476117283e-21,TRUE
"Cre12.g488050",2.20338400631647,1.73526229866465e-12,TRUE
"Cre12.g488200",-6.65979751513831,6.54111047466662e-30,TRUE
"Cre12.g488450",-6.97268700304812,4.79791964645384e-49,TRUE
"Cre12.g489300",-5.77570935349166,7.9107713187163e-60,TRUE
"Cre12.g489750",-2.80927493795655,6.09281051485768e-32,TRUE
"Cre12.g490800",-4.32903016054152,5.8968494196972e-34,TRUE
"Cre12.g491550",3.05407675324152,1.10592042747697e-06,TRUE
"Cre12.g492150",3.50671535150277,0.00248665650860024,TRUE
"Cre12.g492600",3.53922856634017,1.58205752061954e-29,TRUE
"Cre12.g493100",-2.70683332825751,7.52265633896651e-12,TRUE
"Cre12.g494150",-3.50685559872487,4.09184854611986e-06,TRUE
"Cre12.g494300",-3.03213471771305,9.52525687404748e-10,TRUE
"Cre12.g494950",-4.44086320811135,4.2296784162367e-15,TRUE
"Cre12.g495100",-4.47455838322552,2.34076512246241e-134,TRUE
"Cre12.g495400",-2.6596734136871,5.86433753588953e-08,TRUE
"Cre12.g496100",-2.49360920431211,1.11124134614146e-22,TRUE
"Cre12.g496150",2.35936855552622,5.03279070481719e-29,TRUE
"Cre12.g496350",-3.42206094589866,1.12157348735699e-50,TRUE
"Cre12.g497200",-2.02974215491795,1.31991124681809e-21,TRUE
"Cre12.g498200",-2.53931741668908,3.52028858059849e-35,TRUE
"Cre12.g501350",5.20427791762242,5.19438614247778e-07,TRUE
"Cre12.g502650",2.10121407549378,1.46176809204592e-06,TRUE
"Cre12.g504450",2.78892856033789,0.0186320867826795,TRUE
"Cre12.g504600",-2.39443688480337,3.32256578324962e-12,TRUE
"Cre12.g505250",-2.30468242038482,2.39111636428521e-22,TRUE
"Cre12.g505500",-2.24647699984256,0.0384064188137677,TRUE
"Cre12.g506450",-2.73486406480544,0.00128281616146699,TRUE
"Cre12.g506750",-2.51148642256459,0.00046828274607487,TRUE
"Cre12.g506850",2.4520960793891,5.83307752851075e-06,TRUE
"Cre12.g508100",-2.1300251191955,1.81836383539717e-21,TRUE
"Cre12.g508500",2.80548839870482,5.63699436511968e-21,TRUE
"Cre12.g511050",-2.15308555082147,3.88135000144587e-28,TRUE
"Cre12.g511350",-2.51608792241581,1.80967668201e-21,TRUE
"Cre12.g511950",2.23841191831743,1.07356109730981e-07,TRUE
"Cre12.g512300",4.4766420359298,9.80145481241375e-21,TRUE
"Cre12.g514000",2.33587435226482,6.26933859645977e-36,TRUE
"Cre12.g515400",2.32422225315943,9.11001266438745e-08,TRUE
"Cre12.g516250",2.89993013771022,3.22466531084502e-08,TRUE
"Cre12.g516300",-2.33855370265149,1.05457665314616e-12,TRUE
"Cre12.g517681",2.7441723516186,1.6420653914327e-23,TRUE
"Cre12.g517700",3.17083003521095,4.9871515774636e-61,TRUE
"Cre12.g518400",-4.47676060933765,2.50587557302359e-49,TRUE
"Cre12.g518700",2.75773946196938,8.42820385279388e-18,TRUE
"Cre12.g520350",2.81835618806927,1.16795368019461e-76,TRUE
"Cre12.g522400",-2.59829162067208,3.87421936865585e-07,TRUE
"Cre12.g530350",-3.11648003746647,1.13888773091037e-40,TRUE
"Cre12.g530400",-5.34671171921172,8.18488100931731e-08,TRUE
"Cre12.g531800",-2.93291597957101,3.43277951563117e-33,TRUE
"Cre12.g532850",-7.96140364587185,3.93454759321674e-19,TRUE
"Cre12.g532950",-7.43929418915657,6.77924317846316e-21,TRUE
"Cre12.g533150",5.90584753514423,1.27999550274225e-26,TRUE
"Cre12.g534050",-3.90157531143734,7.02423316906602e-42,TRUE
"Cre12.g536100",-2.12620915457032,2.59558373162557e-14,TRUE
"Cre12.g536250",3.79384823705071,0.000124515331907782,TRUE
"Cre12.g536950",4.2992436248007,6.66140271609262e-72,TRUE
"Cre12.g537250",3.14346080234143,0.0133089308844321,TRUE
"Cre12.g537371",-3.69765116804154,1.96199568796769e-36,TRUE
"Cre12.g537400",-2.44587214857998,3.54019310144716e-06,TRUE
"Cre12.g539800",3.68730196244363,0.0168287073520111,TRUE
"Cre12.g540300",-5.01390720551764,6.5144795217922e-12,TRUE
"Cre12.g540480",3.43810783569562,0.0284457274869805,TRUE
"Cre12.g540800",3.91192389227897,1.68369722322071e-12,TRUE
"Cre12.g540850",4.43567312834455,2.27059308113958e-31,TRUE
"Cre12.g543500",-3.01030141447014,3.03076065632628e-30,TRUE
"Cre12.g544000",-2.25540102729795,4.30768412368582e-24,TRUE
"Cre12.g544850",2.63099953971901,0.000106660891055923,TRUE
"Cre12.g545450",2.31185474892099,3.75819006819791e-08,TRUE
"Cre12.g546500",-5.97537719759826,5.15435972467859e-31,TRUE
"Cre12.g546550",-9.8425767355913,5.16786254294663e-31,TRUE
"Cre12.g546800",-2.64998706044033,2.99932496324905e-17,TRUE
"Cre12.g547100",2.10545549061039,1.99315288987227e-17,TRUE
"Cre12.g548500",-6.75045536422775,9.45480929518993e-34,TRUE
"Cre12.g548650",-2.2001257017463,1.94295111854024e-39,TRUE
"Cre12.g549550",-2.02717983496495,9.85171166117541e-19,TRUE
"Cre12.g549650",3.78248984258526,6.22222267977878e-12,TRUE
"Cre12.g550350",3.7413312659272,2.58875963131435e-09,TRUE
"Cre12.g551300",-3.87908634449528,0.000393072715915644,TRUE
"Cre12.g552300",3.88119756715833,1.00921258074323e-43,TRUE
"Cre12.g553300",-5.49758582684689,1.51339381499812e-82,TRUE
"Cre12.g553350",-3.05737760644041,5.58514243496693e-22,TRUE
"Cre12.g553650",-2.57680493200167,5.37639801530857e-12,TRUE
"Cre12.g553850",2.16681846833264,3.19692974313034e-16,TRUE
"Cre12.g555600",2.21770798282766,3.31069126561702e-28,TRUE
"Cre12.g555700",-4.91937677782197,1.54727666645373e-10,TRUE
"Cre12.g557300",2.02049119350481,2.84413775399222e-16,TRUE
"Cre12.g559750",-3.49052360559575,3.578325319012e-32,TRUE
"Cre12.g559800",3.71028507196791,1.87450804522332e-17,TRUE
"Cre12.g560000",2.38899326785887,4.43343360164978e-07,TRUE
"Cre12.g560800",2.12125247553896,7.58371263048444e-15,TRUE
"Cre12.g560850",2.20832979910761,3.84828993338164e-13,TRUE
"Cre13.g563400",-2.00586861892399,2.55120274332809e-14,TRUE
"Cre13.g563475",-2.74209108203085,2.32879818534622e-25,TRUE
"Cre13.g564150",-3.5398442580628,2.29533232971801e-29,TRUE
"Cre13.g567400",-4.88926991103666,1.98510343855954e-46,TRUE
"Cre13.g568100",2.27002890207827,1.30034779085112e-15,TRUE
"Cre13.g570100",-2.9432973657385,2.34830698781143e-06,TRUE
"Cre13.g570500",-3.55539835157087,1.10839418793252e-26,TRUE
"Cre13.g570850",2.55985595035529,1.36412046681491e-14,TRUE
"Cre13.g573500",-2.5112736468492,8.60522409384746e-26,TRUE
"Cre13.g573600",3.28368433484537,5.47187218376282e-10,TRUE
"Cre13.g573750",2.3423739935991,1.42109753512161e-11,TRUE
"Cre13.g573950",3.46170211410592,2.48114088168509e-13,TRUE
"Cre13.g574300",-2.86911443235416,1.71723445065595e-38,TRUE
"Cre13.g574375",3.57082900254941,0.00311491672095195,TRUE
"Cre13.g574400",3.40472116476208,1.89600594150099e-17,TRUE
"Cre13.g579500",4.70941399843798,6.27647174603393e-33,TRUE
"Cre13.g579650",2.25836557078388,1.79614437799514e-24,TRUE
"Cre13.g582200",-2.01967886055577,3.72807067734508e-22,TRUE
"Cre13.g583287",2.86481423972532,1.72223765100877e-15,TRUE
"Cre13.g584200",-2.11495281619139,2.98904782822548e-09,TRUE
"Cre13.g584400",-2.08826305650734,4.71058126546642e-38,TRUE
"Cre13.g587300",-3.76622273956561,1.42323231920208e-24,TRUE
"Cre13.g588700",-2.97019676291134,2.6888684311184e-21,TRUE
"Cre13.g589500",-2.40076440980811,1.23167596866129e-75,TRUE
"Cre13.g590500",2.79656205960431,6.94551796151483e-26,TRUE
"Cre13.g590750",-2.44189522597038,9.20858483315685e-14,TRUE
"Cre13.g590800",-2.5515672891942,8.15714824889999e-21,TRUE
"Cre13.g590905",-4.16144730688935,5.91990541734829e-54,TRUE
"Cre13.g591150",-2.39828828513519,5.83342102132812e-12,TRUE
"Cre13.g591550",4.24845051318883,1.04094961578295e-10,TRUE
"Cre13.g605450",-2.72026348841822,0.000924320109209049,TRUE
"Cre13.g606000",-3.31110163708939,3.85953172869108e-30,TRUE
"Cre13.g607250",2.56414846144584,5.49195259112451e-16,TRUE
"Cre13.g607750",-2.37333645334445,4.24765329588231e-28,TRUE
"Cre13.g607800",-2.11944915638393,1.38147168944408e-10,TRUE
"Cre14.g608700",2.07294330061413,2.48690638902812e-40,TRUE
"Cre14.g609350",-3.0361912309446,1.7120781926686e-29,TRUE
"Cre14.g609850",-2.86736128213868,7.65765745805844e-17,TRUE
"Cre14.g609950",2.09145897088674,2.39938088467245e-05,TRUE
"Cre14.g610100",-2.43622248540255,1.24228036938921e-36,TRUE
"Cre14.g610250",-4.31342009519274,7.18587405637567e-29,TRUE
"Cre14.g612250",-2.7830994493838,3.61941627091419e-29,TRUE
"Cre14.g612750",-2.28490457532967,1.7120781926686e-29,TRUE
"Cre14.g614850",-2.02364985120297,1.06637169133687e-25,TRUE
"Cre14.g615350",2.53246747468558,0.00105893961862668,TRUE
"Cre14.g615400",3.9277977691398,1.07333482302119e-15,TRUE
"Cre14.g616050",-2.97949260816823,2.85352332117715e-14,TRUE
"Cre14.g616350",2.0511513918929,0.0192082754499686,TRUE
"Cre14.g616400",5.02677196777779,3.26925463653246e-14,TRUE
"Cre14.g616650",-6.30084908968106,1.46713160503706e-86,TRUE
"Cre14.g616700",-4.18308722261446,2.367744165378e-51,TRUE
"Cre14.g616850",5.89110422298826,1.44161940331828e-35,TRUE
"Cre14.g617200",-6.95026544949973,2.85426758172363e-13,TRUE
"Cre14.g617250",-2.11519067040565,2.66037592554712e-22,TRUE
"Cre14.g617500",-2.2493362475202,1.20605928921009e-27,TRUE
"Cre14.g617550",-2.35386854922132,1.61816998315824e-25,TRUE
"Cre14.g617700",-2.47279034826312,9.06207954495092e-38,TRUE
"Cre14.g617950",-2.27871414948046,1.4505417190805e-44,TRUE
"Cre14.g618820",2.13111175643147,1.18219203209262e-29,TRUE
"Cre14.g620000",7.00555740734723,9.51879958677553e-22,TRUE
"Cre14.g620100",2.07502001586947,6.46718393088857e-11,TRUE
"Cre14.g621050",-3.07835728108743,1.67559540543331e-16,TRUE
"Cre14.g621150",-2.08172923960297,6.94916975997295e-19,TRUE
"Cre14.g621800",-2.97346369231298,3.27729244687087e-23,TRUE
"Cre14.g622600",2.34334378923485,3.13465541477639e-06,TRUE
"Cre14.g623600",4.12943074717548,2.68060798437598e-08,TRUE
"Cre14.g624050",4.73632088233398,7.03045546398206e-15,TRUE
"Cre14.g624650",2.63666833413826,2.44485319153213e-51,TRUE
"Cre14.g624700",3.7837296951474,7.54716425743213e-22,TRUE
"Cre14.g624750",2.78881482237365,0.000163288833432954,TRUE
"Cre14.g625150",2.22056134006779,9.02574521501044e-13,TRUE
"Cre14.g625450",2.59604819449922,1.42941819467426e-07,TRUE
"Cre14.g625650",2.43218247330368,2.43328916347173e-21,TRUE
"Cre14.g627950",2.42068051464066,6.79130076787154e-14,TRUE
"Cre14.g628200",-4.11689607424443,2.80228983680793e-44,TRUE
"Cre14.g629200",-3.26272385948175,3.69034489505456e-28,TRUE
"Cre14.g630350",2.46653828785683,2.02893569782216e-13,TRUE
"Cre14.g630700",3.002457843882,4.82464739960889e-27,TRUE
"Cre14.g631300",-2.75771811924604,2.79580566810964e-06,TRUE
"Cre14.g631400",-5.90468487480468,7.93291074333781e-137,TRUE
"Cre14.g631950",3.44589967596506,2.04885774379667e-15,TRUE
"Cre14.g632350",-5.56986239077253,7.91831967151724e-64,TRUE
"Cre14.g632400",-2.37400947152917,8.43659848386886e-15,TRUE
"Cre14.g633700",2.43145122343602,2.63845256058186e-15,TRUE
"Cre14.g633789",-4.50711863198704,3.814504607741e-87,TRUE
"Cre15.g635400",2.91230860927891,6.56617132970003e-19,TRUE
"Cre15.g637450",2.27923047609273,1.0580786535811e-06,TRUE
"Cre15.g640200",-4.09539590216444,5.64741125251208e-20,TRUE
"Cre16.g648950",2.55343553747327,5.81507503288556e-27,TRUE
"Cre16.g649550",2.5717582870152,5.77935327163177e-89,TRUE
"Cre16.g650600",-2.34107865994407,3.18938577622597e-25,TRUE
"Cre16.g650625",3.00336841303419,3.79448791650356e-26,TRUE
"Cre16.g650650",2.59487474576082,2.54915581633989e-16,TRUE
"Cre16.g652000",4.3215983670404,5.64121158157952e-34,TRUE
"Cre16.g652300",-2.60022645310975,3.26575500758242e-05,TRUE
"Cre16.g652450",-2.87281751997364,4.55960234221826e-08,TRUE
"Cre16.g654000",-5.75412390089438,5.23654343570329e-82,TRUE
"Cre16.g654050",-3.21376631652554,8.94640164159599e-23,TRUE
"Cre16.g654150",-2.70599385906741,2.23673988575685e-26,TRUE
"Cre16.g654300",-2.47362690947276,3.51987798281021e-28,TRUE
"Cre16.g654450",2.2560928620714,2.51101552780024e-07,TRUE
"Cre16.g654900",2.01768335678171,1.38813155378383e-22,TRUE
"Cre16.g655200",4.94758795134486,6.53841014415827e-06,TRUE
"Cre16.g655750",-2.17495050194279,6.83933470985926e-22,TRUE
"Cre16.g656550",2.4752523406678,0.0339948416826748,TRUE
"Cre16.g656750",-3.10530691232491,1.01637488403547e-10,TRUE
"Cre16.g657100",2.37858941700514,1.10296364467914e-12,TRUE
"Cre16.g657200",3.20561367529346,2.85428165767289e-16,TRUE
"Cre16.g657750",-2.03427456354259,6.74767510323375e-13,TRUE
"Cre16.g657900",2.5535912426653,0.000293231871675934,TRUE
"Cre16.g659300",4.64328307329259,4.19035217866594e-24,TRUE
"Cre16.g659450",-2.60388937283184,5.78466494060722e-16,TRUE
"Cre16.g661200",2.5816737230821,0.000365979526248004,TRUE
"Cre16.g661500",-2.59331999673471,1.27812049138034e-14,TRUE
"Cre16.g661750",4.36726325788809,2.10041872375602e-05,TRUE
"Cre16.g661850",4.02719453726467,1.14961995619285e-05,TRUE
"Cre16.g662100",2.89988666906867,1.65701271542177e-09,TRUE
"Cre16.g665328",2.352903834171,3.74249595414724e-07,TRUE
"Cre16.g665450",-2.00072558695335,8.95056676653629e-22,TRUE
"Cre16.g665850",-4.58883243613883,1.73032514693066e-69,TRUE
"Cre16.g666653",3.95659161372378,6.67162237053068e-10,TRUE
"Cre16.g667450",-5.59291393505117,9.99749941403221e-45,TRUE
"Cre16.g668850",-3.99952097182385,1.19802983903472e-09,TRUE
"Cre16.g669800",-5.77773888242745,3.9356061995548e-39,TRUE
"Cre16.g670000",-2.47980713928272,4.70594853155248e-27,TRUE
"Cre16.g670450",3.18345841879113,1.58259606717059e-35,TRUE
"Cre16.g671200",-2.26200820463725,2.76251432183534e-20,TRUE
"Cre16.g672900",3.23909145292097,0.00805787708510892,TRUE
"Cre16.g672950",2.15623606566919,3.86725827134397e-17,TRUE
"Cre16.g673250",-2.88384319413531,2.27792973271195e-09,TRUE
"Cre16.g673300",2.48193638676456,0.00155381807494177,TRUE
"Cre16.g673350",3.71205588530116,1.18967801191979e-07,TRUE
"Cre16.g673400",3.85953689731685,2.03980713500822e-07,TRUE
"Cre16.g675050",2.90309890104306,0.00285560005011945,TRUE
"Cre16.g675630",3.74534712022681,3.04056714638482e-34,TRUE
"Cre16.g676000",2.54502716007508,6.28005784155012e-25,TRUE
"Cre16.g676350",2.21175106594278,9.18261259838668e-12,TRUE
"Cre16.g676537",3.52836474373054,1.33524100621628e-06,TRUE
"Cre16.g678300",2.85169205377594,1.30898445684776e-22,TRUE
"Cre16.g678350",-2.44836584275879,2.0935810133404e-18,TRUE
"Cre16.g680250",-2.97477819872911,1.54326148450691e-27,TRUE
"Cre16.g680300",-2.1874060293256,1.9226265492014e-17,TRUE
"Cre16.g680950",-3.44279499348635,8.62562985027888e-43,TRUE
"Cre16.g681000",4.01384774197837,1.85235937219937e-05,TRUE
"Cre16.g681050",5.23243721254825,3.71737247226175e-06,TRUE
"Cre16.g681100",2.38812203656372,7.10090780472929e-13,TRUE
"Cre16.g681250",2.19251843844346,1.8278508144983e-05,TRUE
"Cre16.g681251",2.11999672633423,0.000175782745964524,TRUE
"Cre16.g682200",4.76668055654408,1.67695705507536e-12,TRUE
"Cre16.g682850",-2.27292876150237,1.56573912792797e-24,TRUE
"Cre16.g683450",2.51949672662874,2.23327769119854e-19,TRUE
"Cre16.g685250",-2.44651316086955,7.07811294481866e-44,TRUE
"Cre16.g686250",-2.11986410004661,3.50176255336107e-08,TRUE
"Cre16.g686700",2.05802780975832,1.32573712476886e-20,TRUE
"Cre16.g687000",-2.76583505984121,7.18124050798942e-10,TRUE
"Cre16.g687400",2.98926432208858,3.61785603737432e-81,TRUE
"Cre16.g690950",-3.61559376137774,2.44185008269292e-12,TRUE
"Cre16.g691150",-3.80122198138233,1.09153720630774e-08,TRUE
"Cre16.g691400",3.03681034000989,2.77508885701924e-33,TRUE
"Cre16.g692200",-6.52316750452262,3.73146980087678e-51,TRUE
"Cre16.g692550",2.62087940208837,8.83331914631085e-15,TRUE
"Cre16.g693450",-2.35633843460496,1.35411182579878e-05,TRUE
"Cre16.g693819",-2.71759780988989,5.74107751145996e-20,TRUE
"Cre16.g694550",-2.65938884409342,3.01912562789706e-54,TRUE
"Cre16.g694809",-2.87492964576948,0.00018648663534545,TRUE
"Cre16.g694950",-2.5724134799751,1.66056770427946e-39,TRUE
"Cre16.g695700",-2.94445384313058,1.74455174540162e-33,TRUE
"Cre17.g696700",-2.31705712584737,1.91488683644599e-05,TRUE
"Cre17.g697250",2.92916250314055,2.65299703487765e-05,TRUE
"Cre17.g697300",-2.30894547833772,1.85302419303078e-19,TRUE
"Cre17.g698400",2.17107760085833,1.46176809204592e-06,TRUE
"Cre17.g699200",2.11200476521186,3.32907911722243e-08,TRUE
"Cre17.g699400",-2.90419797530813,2.07947308537709e-13,TRUE
"Cre17.g699450",4.21773044501781,0.000110022657879034,TRUE
"Cre17.g699550",-2.58906354647317,2.14593296160041e-24,TRUE
"Cre17.g700450",-2.94987830957588,1.24883179319914e-14,TRUE
"Cre17.g701150",-4.67557204921873,2.69305793610463e-34,TRUE
"Cre17.g701600",2.69815002105549,0.0230725260566733,TRUE
"Cre17.g701950",-2.94826858004943,2.49610026349657e-11,TRUE
"Cre17.g703800",3.13484722516808,6.7199998106903e-05,TRUE
"Cre17.g704000",2.47156241755122,0.00654882839366289,TRUE
"Cre17.g704200",2.30103437053364,3.09378490556687e-14,TRUE
"Cre17.g705700",5.05815394798607,1.3844574011883e-52,TRUE
"Cre17.g705750",4.07355523217502,1.63627563222763e-12,TRUE
"Cre17.g705800",2.08748957066773,5.5035702527528e-12,TRUE
"Cre17.g706150",2.04785818875443,1.52909754439315e-08,TRUE
"Cre17.g706250",-2.8807063897391,1.43032999100588e-59,TRUE
"Cre17.g707150",-2.6977323067505,4.02929420027742e-31,TRUE
"Cre17.g707350",2.81081789485452,1.05784523014343e-34,TRUE
"Cre17.g707600",2.44211524332671,0.0133408369865407,TRUE
"Cre17.g708150",-2.12903768075336,0.00210801750207071,TRUE
"Cre17.g708750",-2.71915443072568,0.000418241380447603,TRUE
"Cre17.g709050",-2.32718070982504,0.0123009364052589,TRUE
"Cre17.g709300",2.26746359966011,2.37954454590377e-07,TRUE
"Cre17.g710550",-2.25032132129926,0.0205994097009151,TRUE
"Cre17.g710700",-2.13692679787401,0.00262630320396652,TRUE
"Cre17.g711250",2.03552536170472,0.0476777474249314,TRUE
"Cre17.g711750",-3.12378954278295,0.00150957260949412,TRUE
"Cre17.g713450",-2.98125601064208,8.91268469258158e-05,TRUE
"Cre17.g713500",-3.19096746000537,0.000334504306543614,TRUE
"Cre17.g713550",-2.06900173770672,0.00139264490177294,TRUE
"Cre17.g713600",-2.60793768637951,4.25902033426834e-59,TRUE
"Cre17.g713700",3.11969793560214,1.20429396900278e-37,TRUE
"Cre17.g713950",-3.52443368960608,5.51525033018885e-05,TRUE
"Cre17.g714300",-4.39971271738808,5.82275807003688e-19,TRUE
"Cre17.g714750",-6.20688974505343,6.60769050843408e-73,TRUE
"Cre17.g714800",-2.66219482639184,5.86596330885606e-11,TRUE
"Cre17.g715300",-2.01929622725029,1.10186161994235e-48,TRUE
"Cre17.g715450",3.81979503193189,5.31705641133064e-23,TRUE
"Cre17.g717850",-2.62065693291549,3.05056688901563e-45,TRUE
"Cre17.g718450",-2.12158195024569,9.44301993796516e-19,TRUE
"Cre17.g718500",-2.50373722900904,5.10480296395159e-24,TRUE
"Cre17.g720528",-2.8148713632891,8.35582750067745e-20,TRUE
"Cre17.g720900",2.65743582837556,0.0214046373532801,TRUE
"Cre17.g721700",3.08546114345146,1.08967877512513e-33,TRUE
"Cre17.g723100",-2.14997913813367,1.84522369410797e-10,TRUE
"Cre17.g723400",-2.58192273742982,2.09099658070862e-08,TRUE
"Cre17.g723950",-2.20842098140272,2.59368438460727e-27,TRUE
"Cre17.g724400",-2.15115057124241,1.39167878602725e-18,TRUE
"Cre17.g724650",6.95061162017304,2.62852156019926e-30,TRUE
"Cre17.g724700",2.38878609764788,2.04610887330122e-34,TRUE
"Cre17.g725500",3.28883415218798,4.87795933656379e-74,TRUE
"Cre17.g727800",-3.94054665054352,2.34076512246241e-134,TRUE
"Cre17.g728500",2.65129058052152,4.26781841556976e-05,TRUE
"Cre17.g728750",-2.70873483630147,5.72265831995248e-05,TRUE
"Cre17.g729400",-2.35039074140101,1.33152229082557e-13,TRUE
"Cre17.g729850",-2.08682483434174,1.06848619944346e-15,TRUE
"Cre17.g730000",-2.37866839397917,1.64870469132449e-07,TRUE
"Cre17.g730550",-6.12384077281261,1.07549120367219e-85,TRUE
"Cre17.g730600",-2.39692111404058,3.80863442424048e-18,TRUE
"Cre17.g731350",2.1170010441075,3.67628737626245e-21,TRUE
"Cre17.g731900",2.09753228945712,4.14275665826026e-10,TRUE
"Cre17.g732150",-2.11100643880521,1.05616338453207e-26,TRUE
"Cre17.g734125",6.70507306643399,4.11478591404172e-11,TRUE
"Cre17.g734850",4.94416978915887,2.26851671176245e-06,TRUE
"Cre17.g735450",-5.04082833136301,4.3888123665611e-25,TRUE
"Cre17.g735550",-2.07714690104605,1.55005657715334e-08,TRUE
"Cre17.g737300",-2.88907647906789,1.2395891653192e-24,TRUE
"Cre17.g737650",-3.02537191169013,6.76622527473372e-25,TRUE
"Cre17.g737850",-3.53989015327773,1.19935909294482e-13,TRUE
"Cre17.g739650",2.52263739010514,8.80642887589813e-09,TRUE
"Cre17.g740300",-3.56599005835103,1.97344147193607e-09,TRUE
"Cre17.g740800",-2.29524892261841,0.0072477707285277,TRUE
"Cre17.g741400",-2.87605279334532,5.54180270530855e-38,TRUE
"Cre17.g742250",-3.7807567068956,2.54391732882443e-15,TRUE
"g10012",4.08380545560707,7.18030023895975e-17,TRUE
"g10014",2.70974655933809,5.98597069444692e-17,TRUE
"g10024",-3.09132121543697,1.34368516077478e-11,TRUE
"g10031",-2.73397278890987,8.64349908703164e-21,TRUE
"g10041",3.94570681278102,2.53887743366907e-05,TRUE
"g10050",-2.94868136829888,4.51220334652255e-09,TRUE
"g10090",2.01118949700594,1.28209889241432e-07,TRUE
"g10200",-2.09457840409907,0.00333635089634173,TRUE
"g10264",-3.63704224978059,5.78234938439602e-06,TRUE
"g10320",5.40131883195159,4.22102457744177e-10,TRUE
"g10321",2.36042622661637,1.53842676962142e-05,TRUE
"g10349",2.51119551380133,3.58654806071246e-07,TRUE
"g1036",-2.89652131726444,1.92911981111657e-05,TRUE
"g10362",2.38109201166215,1.01945487604516e-06,TRUE
"g1037",-2.25445686668874,0.000173123498103697,TRUE
"g1038",-2.27101302510258,7.27667059226298e-05,TRUE
"g1048",-2.66879660043825,0.0001717031931862,TRUE
"g10533",2.38516663290168,9.28735625366426e-19,TRUE
"g10590",2.62383093391724,5.5267928243541e-38,TRUE
"g10706",-2.04871852542239,2.03059303411585e-24,TRUE
"g10744",-2.886630235714,1.31875170403007e-30,TRUE
"g10809",3.0872021002152,0.0383416505214378,TRUE
"g1081",4.35913306051227,1.55319283994578e-10,TRUE
"g10812",3.19453122486603,0.0137976183916247,TRUE
"g10948",-2.13773166522887,0.00384868875944261,TRUE
"g11010",-2.2199803989042,2.51534617492568e-11,TRUE
"g11051",2.69522660668226,3.02370597229226e-16,TRUE
"g11059",-6.6823356927411,5.03447812883564e-25,TRUE
"g11082",-2.46572045474133,1.0599716469446e-12,TRUE
"g11167",2.15532985536841,0.0152728340301156,TRUE
"g11181",-2.27318506165532,2.38303691680135e-09,TRUE
"g11239",-4.78457080091014,5.30029948168873e-05,TRUE
"g11322",2.23340700619338,0.000701324150469986,TRUE
"g11343",3.22711523404623,1.48035921863895e-10,TRUE
"g11344",3.0115000222887,3.913768035212e-13,TRUE
"g11458",-2.98917325601155,2.1931419993338e-28,TRUE
"g11480",-2.81944594532199,1.02672317027567e-17,TRUE
"g11482",2.16051664246999,8.57036259146956e-13,TRUE
"g11490",-2.96774682376712,2.70797838132138e-26,TRUE
"g11499",2.06153223150595,0.000435640021318957,TRUE
"g11523",-3.42260050282341,6.6341721245906e-14,TRUE
"g11524",-3.56148624566136,6.10936590651575e-14,TRUE
"g11525",2.81192794800424,0.000318960874779896,TRUE
"g11529",-2.24235959273111,2.42838588181646e-05,TRUE
"g11544",-2.57272530108962,0.0252902344694933,TRUE
"g11545",-7.62865793762893,2.64536814826397e-28,TRUE
"g11553",2.46614088224275,1.26022353871496e-18,TRUE
"g11562",-6.46539451988077,3.53366726853404e-120,TRUE
"g11565",-5.19890197478796,4.70151512006167e-14,TRUE
"g11573",2.62418064421005,2.46139892957101e-16,TRUE
"g11575",-2.21089190240294,1.33396085755787e-05,TRUE
"g11576",2.5804940862887,1.43805356951525e-25,TRUE
"g11577",2.66512644385079,9.77759407908166e-15,TRUE
"g11583",2.80267712030595,7.49892450733175e-06,TRUE
"g11594",-3.25346533924393,9.90938615238431e-09,TRUE
"g11604",-2.98203489653485,2.93484761213147e-13,TRUE
"g11613",-2.2813973610772,7.90869809925188e-16,TRUE
"g11617",2.01079121321039,8.28786616867255e-14,TRUE
"g11625",-2.26034761429529,5.80011732938773e-15,TRUE
"g1174",6.25760204260689,4.7424771324301e-12,TRUE
"g11754",-5.15058244010174,2.78124064052024e-08,TRUE
"g11788",3.0633902866485,7.40687207232191e-06,TRUE
"g11896",3.24009778564763,0.00570545190990554,TRUE
"g119",2.56009540612417,1.07645878918936e-22,TRUE
"g11906",3.4055953283872,0.0154910490832082,TRUE
"g11923",-3.03244584163895,0.00594068973423277,TRUE
"g11927",2.01789970062388,7.24191244547122e-06,TRUE
"g11932",2.00372074201023,2.24256372790937e-06,TRUE
"g11953",2.42003882287352,0.00972295776562772,TRUE
"g12012",3.32154870757037,1.08463713621632e-16,TRUE
"g12024",-4.37995944723378,3.80046191497198e-10,TRUE
"g12041",-3.12795220547633,3.95085792426937e-17,TRUE
"g12094",-2.81033936322365,7.07811120754357e-10,TRUE
"g12112",2.89549851880283,3.18839557702602e-05,TRUE
"g12113",2.84765523471161,0.000182560278346044,TRUE
"g12142",-2.69636540547207,0.0309825781226874,TRUE
"g12144",-2.13384750341409,2.73160160925706e-33,TRUE
"g12145",-2.52908866702883,4.29871784287911e-33,TRUE
"g12149",2.20561469089753,1.04566421010616e-08,TRUE
"g12210",-4.96095513115503,1.76711237228683e-32,TRUE
"g12290",3.31537314660501,0.00944983227438903,TRUE
"g12401",2.94217769125625,9.15009476327618e-11,TRUE
"g12473",-3.27176267371927,0.0110742125557747,TRUE
"g12483",-2.75653062325947,1.06918103547028e-47,TRUE
"g12566",-2.6343202018261,5.15886545337286e-06,TRUE
"g12599",2.24311489062462,7.4503455570828e-18,TRUE
"g12665",-2.15588516696066,4.63333195451955e-08,TRUE
"g1269",2.24839341077707,4.61294367386813e-09,TRUE
"g12714",-2.40426482869786,3.31865078712003e-20,TRUE
"g12716",4.64611402815225,4.39828657583974e-05,TRUE
"g12745",4.15657979295056,0.000351158596880546,TRUE
"g12785",2.56664877584299,1.31018487180425e-12,TRUE
"g12807",2.95794579791883,0.00307272094095895,TRUE
"g12879",-2.24370505533066,1.42634256579346e-05,TRUE
"g12880",-3.35626574015754,1.68392774252093e-60,TRUE
"g12943",-2.02808077427447,1.92697506952425e-09,TRUE
"g12953",-2.01507541376253,4.01548774062068e-09,TRUE
"g12967",-2.41720561807813,1.47883570798418e-11,TRUE
"g12982",2.93871400611137,0.00035592799041734,TRUE
"g13043",2.02688489611486,0.000369091977558694,TRUE
"g13066",-3.87855879130696,2.64267654671378e-25,TRUE
"g13093",2.46673709357174,1.69354852892551e-12,TRUE
"g13197",2.67436988223348,6.46766964154517e-11,TRUE
"g13220",2.39218182690068,4.27587338342956e-05,TRUE
"g13253",3.54882293577574,0.00209334632561857,TRUE
"g13257",2.1204233993096,0.0472824611663045,TRUE
"g13265",-2.06465045371437,0.0045431489908518,TRUE
"g1336",-6.43696457647715,1.1430144489799e-13,TRUE
"g13501",2.56554791940284,2.8971192995903e-14,TRUE
"g13518",-4.72137723976858,0.000826097179231212,TRUE
"g13526",2.26363859663972,1.77857251441454e-08,TRUE
"g13542",4.54050260844532,3.02594358978496e-18,TRUE
"g1372",3.11667596488188,0.00362836791252731,TRUE
"g13762",2.08960678761253,0.0266186259125891,TRUE
"g13808",2.13589206441474,0.000951411756585851,TRUE
"g13813",5.86602302955251,8.79107757326633e-20,TRUE
"g13824",-5.32702561627252,6.58569654108957e-42,TRUE
"g13839",3.30674211641673,0.00404049873836679,TRUE
"g1387",2.76189727628633,0.000373767576642894,TRUE
"g13912",-2.59660004272227,2.6242069239508e-14,TRUE
"g13922",-2.62253296127508,1.76671381018421e-21,TRUE
"g13950",-2.85665177306282,0.00506472257847702,TRUE
"g13954",-2.38736807061891,8.31468133860665e-15,TRUE
"g13968",3.11174098227273,0.0275288994756036,TRUE
"g1409",-4.20540861900528,5.67605009617985e-25,TRUE
"g14189",2.25750901557211,4.34582606675752e-46,TRUE
"g14253",-3.46128025008709,8.79750415843193e-27,TRUE
"g14272",-2.19069629588309,1.17974137537731e-15,TRUE
"g14297",3.94420309427099,6.44147554841015e-12,TRUE
"g14303",-2.31525982730193,1.80160772308512e-22,TRUE
"g14305",-3.17935143783408,5.80423214498472e-23,TRUE
"g1431",-2.83768305842419,1.06721938748551e-13,TRUE
"g14399",3.69065445890122,0.0182653502821239,TRUE
"g1449",-2.12365744168875,1.60963939099113e-07,TRUE
"g14592",-4.60830049931416,7.81574948114315e-21,TRUE
"g14599",-2.75721828865328,2.5173032985189e-12,TRUE
"g14620",2.56809251612068,5.90336192983706e-05,TRUE
"g14626",3.52523516335267,3.86139758237112e-19,TRUE
"g14644",2.15716544361914,2.29957797992973e-09,TRUE
"g14663",2.89713871708804,4.16783858135778e-21,TRUE
"g14664",2.33167560016652,5.60331826164931e-05,TRUE
"g14724",-2.19173930455604,6.51271694454511e-10,TRUE
"g14744",-3.460614427345,5.05097971092617e-41,TRUE
"g14759",2.51844761043714,6.53157999842428e-05,TRUE
"g14762",2.11157402470031,3.97876842468337e-07,TRUE
"g14860",7.77808538447668,4.7315245740334e-44,TRUE
"g14866",2.19466568840067,4.29510935856757e-06,TRUE
"g1489",2.87704983067634,2.23644782812605e-58,TRUE
"g14905",-2.41250622183502,0.00201736620894417,TRUE
"g14909",-3.83137458216601,7.45857631750443e-10,TRUE
"g14942",2.65744562028758,0.0266191535646001,TRUE
"g14991",-3.48320964863353,0.00220353662825247,TRUE
"g15028",2.47961202554964,1.44470324601613e-07,TRUE
"g15040",2.67921313138481,6.27826717142533e-16,TRUE
"g15061",2.40397653132095,3.96752976742858e-13,TRUE
"g15104",2.07453877036346,1.42424656803391e-11,TRUE
"g15127",3.16936125841398,8.84189308408604e-05,TRUE
"g15139",-4.1584828396759,7.89735364360754e-97,TRUE
"g15140",-2.735194334135,0.0189383733993248,TRUE
"g15170",-3.64011575179356,3.74034908065949e-15,TRUE
"g15181",3.31129726109096,7.0167886016979e-20,TRUE
"g15243",-2.73489467101562,0.000230882220834213,TRUE
"g15292",2.73493006817785,0.0442019492504889,TRUE
"g15298",2.05242077147195,0.000570720083902374,TRUE
"g15366",-2.71489140195363,1.34776189350487e-22,TRUE
"g15377",-3.6549219979029,1.33632525019753e-10,TRUE
"g15390",2.20484587874825,6.60717205562117e-13,TRUE
"g15393",-5.4730841958656,1.22258714384994e-195,TRUE
"g15486",2.36469201531132,1.14268773887267e-27,TRUE
"g15521",2.48542137213408,4.67247800169682e-07,TRUE
"g15528",3.04217754246471,2.96182514873561e-10,TRUE
"g15540",-2.69608978965586,0.000971132243252336,TRUE
"g15594",2.28054547170309,2.85061786334263e-07,TRUE
"g15679",-2.00612832029358,8.02952127772504e-08,TRUE
"g15694",-3.17897308700273,2.2178176920686e-41,TRUE
"g1573",2.13870909807775,0.0305897208090167,TRUE
"g15823",3.09833635813199,0.034396678496048,TRUE
"g15838",3.4161703314941,7.69157509775401e-05,TRUE
"g15904",2.95639153919905,0.00928726565958829,TRUE
"g16026",2.98909485570242,0.0264205068152047,TRUE
"g16100",2.7926950866166,8.11819831799986e-08,TRUE
"g16102",2.58866498977384,3.67698014521125e-07,TRUE
"g16136",2.52354374391296,1.18407209904823e-09,TRUE
"g16137",2.25490253289333,6.91870599373446e-05,TRUE
"g16156",3.05590086171504,1.82467476797789e-16,TRUE
"g16184",2.37839458384665,9.67596131170674e-05,TRUE
"g16210",3.82450146073647,0.000144460151084542,TRUE
"g16226",2.01958414102565,0.0115759016128719,TRUE
"g16253",-2.4519322791753,1.01455351165712e-16,TRUE
"g16287",-2.44893798418305,5.08929089731662e-09,TRUE
"g1629",2.34759204909963,0.0186671427179046,TRUE
"g16306",-5.67962860098873,2.40217493230779e-31,TRUE
"g16307",-6.60368601085339,7.84742194290019e-09,TRUE
"g16309",-4.88404499003952,3.67554745645655e-43,TRUE
"g16319",-2.14878363122495,1.82518636333641e-33,TRUE
"g16355",4.2364811253422,2.76479418425051e-15,TRUE
"g16365",2.29113672172569,2.17792592663755e-15,TRUE
"g16376",5.9810849220062,4.01856288272017e-09,TRUE
"g16422",-7.93994445545154,4.40837203654874e-38,TRUE
"g16423",-8.38271137824363,3.7375897519106e-21,TRUE
"g16424",-2.00097159809974,0.0387407427744402,TRUE
"g16451",-2.32858900812252,0.003783971586528,TRUE
"g16469",-3.43093469097991,3.04845510312456e-14,TRUE
"g16471",-2.5173193397427,1.04375712093644e-13,TRUE
"g16477",-3.27109896325522,2.03632281302133e-05,TRUE
"g16544",-3.35792280159779,1.04795525956088e-31,TRUE
"g16580",-2.83544257935251,0.000683404926281684,TRUE
"g16607",3.23392297926077,0.000201704510629967,TRUE
"g16652",-3.43563695452514,5.30457817262271e-19,TRUE
"g16704",-3.30375260374713,1.72619432819272e-12,TRUE
"g16717",-2.33518031875335,7.27778145941069e-07,TRUE
"g16746",-2.21941054775262,6.81509868305917e-32,TRUE
"g16754",3.42712963933239,0.00355694442845241,TRUE
"g16765",2.57153879282523,2.72099121450449e-08,TRUE
"g16780",-2.86679638128737,1.4856021659682e-11,TRUE
"g16781",-3.50904165823565,8.30152215299659e-40,TRUE
"g16817",-2.58475719938915,3.94611754241292e-26,TRUE
"g16863",-2.17655717849389,2.42513874580176e-11,TRUE
"g16871",-2.42320470485195,2.80960596427914e-29,TRUE
"g16880",-2.57944335679366,2.43263493242756e-13,TRUE
"g16897",2.09061218376472,3.50172765614153e-09,TRUE
"g17008",3.28655418557026,0.00188278440802602,TRUE
"g17016",-2.71511743631365,2.62219867530742e-09,TRUE
"g17055",3.36456711225972,0.00232591849208395,TRUE
"g17167",-2.15851715527148,0.0402327095252502,TRUE
"g17280",2.02084195546893,0.0124690022632717,TRUE
"g17289",-2.04735885234774,0.0144188635053313,TRUE
"g17365",2.32529262888254,0.0361324832433918,TRUE
"g17368",-2.58017816512539,6.1953047502774e-11,TRUE
"g17375",-2.83623619520129,0.0326904835770285,TRUE
"g17376",-2.75823166830727,9.52563765218417e-08,TRUE
"g17415",3.34089546315944,0.00720607888732526,TRUE
"g17428",3.06578924739979,2.74785174684703e-20,TRUE
"g17513",3.71467704355199,4.45823457035904e-07,TRUE
"g17524",3.49038989272203,0.0477210590775467,TRUE
"g17678",-2.16709888367952,0.000185751320827411,TRUE
"g17726",2.96490485792948,1.77238192847246e-07,TRUE
"g17727",2.38857118387652,1.85997744368783e-12,TRUE
"g17732",-4.17644741406703,2.77922786871704e-09,TRUE
"g17737",-3.027611429983,7.12961295924574e-32,TRUE
"g17738",-5.32926334542969,2.53892234215543e-06,TRUE
"g17773",2.35862687085461,0.0103312379408827,TRUE
"g17776",2.25581710372856,0.0180771189587137,TRUE
"g17785",-2.53922487285161,3.27312287730917e-29,TRUE
"g17813",-3.39235166757818,2.08648939580648e-06,TRUE
"g17837",-2.98903635124432,1.03741037129692e-08,TRUE
"g17847",-4.30920671043329,1.45972841994133e-14,TRUE
"g17906",-4.56376793168874,5.43612873616897e-55,TRUE
"g17998",-4.23235335211789,1.87408589669922e-08,TRUE
"g18011",2.33715249740525,2.97306043785961e-12,TRUE
"g18026",-2.00340613995793,4.35551698363373e-08,TRUE
"g18036",3.41493428840957,0.000614899180824758,TRUE
"g18046",2.21507716028347,4.61951614331558e-05,TRUE
"g18075",2.32625496038584,0.000121699162426433,TRUE
"g18078",5.66026885186335,0.0377851337878389,TRUE
"g18083",4.70951579137141,1.86541116770434e-07,TRUE
"g18107",-3.0612143495414,8.97467532384503e-12,TRUE
"g18116",-2.39391619419676,1.35902977216841e-13,TRUE
"g18117",-4.01062549338731,3.51815900410088e-16,TRUE
"g18130",-3.72022770741433,1.15758144566523e-83,TRUE
"g18135",2.19815376548285,4.51441837734414e-33,TRUE
"g18160",3.04237658381021,4.27616370607384e-08,TRUE
"g18177",2.37319634611507,0.0296117661616703,TRUE
"g18218",-3.83803678267759,0.000110869614565279,TRUE
"g18222",-2.06474434045353,1.71742810541105e-05,TRUE
"g18256",2.90887810682333,2.95102438647103e-07,TRUE
"g18294",2.05964970616734,1.80510551418718e-14,TRUE
"g18337",-3.22689194728388,1.64752236130439e-20,TRUE
"g1834",2.32746068670483,0.00121527839071627,TRUE
"g18343",-2.58084820777482,0.000319941500292992,TRUE
"g18347",2.11462822862206,3.69115308492809e-18,TRUE
"g18349",-2.09426286434458,2.07755841456991e-20,TRUE
"g18361",-2.53993094045872,0.000513173276121919,TRUE
"g18387",-2.37900412764445,1.91408841106402e-59,TRUE
"g1854",-2.64560111582749,8.17889025958328e-08,TRUE
"g1861",-8.39441139849523,1.59989557413424e-58,TRUE
"g189",3.67582122809206,2.24243478281894e-10,TRUE
"g1893",-2.33829015664367,4.93979088676142e-05,TRUE
"g1912",2.85207777415947,2.66337275535035e-07,TRUE
"g1918",-2.51531404954174,1.01341416704343e-16,TRUE
"g1922",-2.11658343284088,8.56305036248821e-26,TRUE
"g1927",-2.60826225324261,1.17059283966229e-07,TRUE
"g2048",-3.09964353768506,2.57688597930347e-28,TRUE
"g2086",-3.14421935210636,4.82170789870657e-17,TRUE
"g2182",-4.65754865876479,1.41314322908465e-14,TRUE
"g2481",3.12853265741978,9.27269171734847e-14,TRUE
"g2524",4.66561897553583,4.23026828894213e-35,TRUE
"g2556",-2.02693355987554,8.93927381843358e-06,TRUE
"g2601",3.92484571863315,2.61374058027324e-07,TRUE
"g2602",3.05968124794004,4.58259131056349e-46,TRUE
"g264",2.30147590608303,1.72081010258672e-08,TRUE
"g2646",2.40672485297824,1.34161778525627e-14,TRUE
"g2685",2.34471799483699,0.00151422851870976,TRUE
"g2693",3.19076657322491,7.60513652081193e-09,TRUE
"g2730",2.20478385884684,0.0125521718564748,TRUE
"g2741",-2.65471582079209,6.49098781538214e-14,TRUE
"g2748",4.17663712623348,1.70005536505158e-07,TRUE
"g2754",-2.00340161412404,3.73316280922738e-20,TRUE
"g2766",2.50043381526238,3.17873665062321e-14,TRUE
"g2792",-2.12877531805606,0.000100664416861893,TRUE
"g2793",-3.0306968772743,0.000632589707295081,TRUE
"g2795",-2.38640577571456,0.0224527244131842,TRUE
"g28",-2.09541336393776,5.48054008617063e-15,TRUE
"g2828",3.09685096471207,4.08529107332624e-29,TRUE
"g2840",5.1062961201279,9.37336665827617e-12,TRUE
"g2863",-2.73774223150899,1.16781873958863e-08,TRUE
"g2870",-2.20612983945693,8.89435683869897e-25,TRUE
"g2877",-2.65516507155046,2.02626956359427e-16,TRUE
"g2880",-2.29552532391095,6.34793043592702e-15,TRUE
"g2892",-3.93055674460479,1.67324671574536e-37,TRUE
"g2904",2.44204219017466,5.02096803470532e-11,TRUE
"g2921",2.09312270197511,2.7298191237816e-06,TRUE
"g2930",2.67833600119906,7.20731157406951e-20,TRUE
"g2931",3.04623890972721,3.57440274265836e-08,TRUE
"g2938",-2.1198159123596,2.27299382502364e-08,TRUE
"g2948",2.60192221974663,5.15247483546345e-21,TRUE
"g2950",3.28733473223154,1.35486499583053e-20,TRUE
"g2954",2.06824794842846,1.76149430552018e-05,TRUE
"g2956",-2.69894227672332,2.1681723075968e-32,TRUE
"g2967",-5.11912670542208,1.23688298941743e-08,TRUE
"g2971",-2.31390890594678,8.83785102443526e-25,TRUE
"g2972",4.19698751421816,0.000239711618027837,TRUE
"g2997",2.84461854558869,0.0243407162109089,TRUE
"g2998",5.42342787948628,3.14486147527797e-18,TRUE
"g3",3.80038522071619,3.43593902272148e-40,TRUE
"g3002",2.5366390660166,0.00628742402769327,TRUE
"g3006",3.79551236425533,1.60125639941574e-05,TRUE
"g3154",3.18017378395424,0.0073964871602701,TRUE
"g3408",2.1705751911079,2.79998303190374e-19,TRUE
"g3450",2.30119611812413,5.2100418302286e-05,TRUE
"g3453",4.20051043596218,0.000371021644140953,TRUE
"g3500",2.37101207277059,4.21392869937779e-10,TRUE
"g3634",-6.02707605239949,8.07932334378164e-24,TRUE
"g3695",-2.2954519944978,1.36962645711143e-31,TRUE
"g3722",2.50358506771605,0.0215204532935538,TRUE
"g394",2.05123531090084,0.000365501604580714,TRUE
"g4045",-4.93529623081017,1.77265807075584e-06,TRUE
"g4107",-2.06483117536445,1.1457128848264e-07,TRUE
"g4121",2.71921829435121,8.90466847375882e-07,TRUE
"g4124",3.14111077453821,0.00389710692602405,TRUE
"g4264",2.79150469838799,3.36588870362946e-14,TRUE
"g4373",3.8345991034957,2.67247728147847e-23,TRUE
"g4374",-3.00754196047364,4.51020899035032e-29,TRUE
"g4380",2.97827905771384,1.11717837326795e-15,TRUE
"g4383",-2.20246796743148,0.0416522654967688,TRUE
"g4403",-4.42880949652351,3.00293881308051e-17,TRUE
"g4407",-3.16875408187139,2.00403489001144e-08,TRUE
"g4421",-7.96935131595927,3.55573101906752e-19,TRUE
"g4425",-3.86710621860925,6.90448937944225e-63,TRUE
"g4433",-2.7610136193769,3.14079602993139e-08,TRUE
"g4436",2.03524782689535,5.74798918571409e-24,TRUE
"g4458",2.21992186662356,2.99343888179949e-13,TRUE
"g4474",2.2565472406759,3.10901693634963e-27,TRUE
"g4477",-3.72729929679638,5.09652094073464e-23,TRUE
"g4510",-4.53165324617885,2.08064199704794e-06,TRUE
"g4512",-2.02680538431702,3.89891179969218e-18,TRUE
"g4531",3.83413249822831,0.00166436169805653,TRUE
"g4547",-2.24884447617943,0.000368992392487277,TRUE
"g4549",-3.09387789569649,2.70379083599171e-23,TRUE
"g4574",-2.48280248057053,5.80295235719991e-10,TRUE
"g4617",3.16919578584249,6.49697303848642e-13,TRUE
"g4629",-3.26214137630502,9.4317752805582e-05,TRUE
"g4642",-3.13799353719725,1.0150040840836e-40,TRUE
"g4644",-2.86610429192113,1.49909938713004e-35,TRUE
"g4713",2.77077346268651,1.61807560732869e-10,TRUE
"g4722",-2.3132510929943,6.62708692264048e-10,TRUE
"g4746",-2.88508185718671,0.00983154578709204,TRUE
"g4763",2.66844784597802,0.00568196610733142,TRUE
"g4803",-3.28393672142043,0.0228510087179213,TRUE
"g4808",2.11142057008486,2.91629829429146e-06,TRUE
"g4854",-2.59602578691226,2.57020235863163e-20,TRUE
"g4874",3.23145637319418,1.52537330291926e-13,TRUE
"g4889",5.2779931804703,3.99956166806432e-23,TRUE
"g4890",2.13211604207691,2.15212257646242e-23,TRUE
"g4911",-4.94618073609087,3.85414687324144e-58,TRUE
"g4915",-2.81135866852124,2.50952225232105e-11,TRUE
"g4971",-2.81317474765999,2.92757669777512e-28,TRUE
"g5033",2.94777749314142,0.0078165275267341,TRUE
"g5034",2.66299186229058,2.82102267345998e-05,TRUE
"g5042",-2.5580070745264,3.28358124062752e-17,TRUE
"g5083",2.00491605535197,2.07443084241597e-06,TRUE
"g5109",-5.00791561191301,3.6083192547774e-15,TRUE
"g523",2.83828047659374,1.23033284359409e-25,TRUE
"g5255",4.71092566868069,2.21083370946551e-24,TRUE
"g5293",-3.45552679227289,1.98548999578028e-42,TRUE
"g5336",2.1341902184544,0.00227011507332685,TRUE
"g5339",2.24915148830966,6.56821645357448e-09,TRUE
"g5343",2.48767691993947,0.00085581946795216,TRUE
"g5344",2.35202360726187,0.0148139519639006,TRUE
"g5362",-2.20290266077422,7.32891830378388e-19,TRUE
"g5380",-3.23101649483099,1.34818423793883e-14,TRUE
"g5383",2.13580197248226,1.55336017028462e-22,TRUE
"g5443",4.95158336057119,1.14158320355712e-07,TRUE
"g5448",2.85553931867932,1.70455404033019e-11,TRUE
"g545",-2.99082815830324,1.99156723732784e-51,TRUE
"g5667",-4.55342960696773,2.38048413982133e-10,TRUE
"g5680",2.12266043432589,3.19692359848243e-08,TRUE
"g5697",2.31500146506445,7.37978876919864e-10,TRUE
"g5707",2.54813209463773,3.05246701728747e-08,TRUE
"g5721",-2.23474157115118,0.00680874009448696,TRUE
"g5732",-5.82080112930467,1.39394835294937e-31,TRUE
"g5733",-4.22791111282334,1.60785735201673e-09,TRUE
"g5800",3.80814119867097,0.000585619129558817,TRUE
"g5865",3.08710562761816,0.0097298802858909,TRUE
"g5868",3.45650813331567,0.00411140493301473,TRUE
"g5945",-2.0053505411532,1.44601865531902e-06,TRUE
"g5947",-3.11450773325674,0.0139444109088634,TRUE
"g597",-5.15422620913519,9.74634882575638e-214,TRUE
"g5976",-2.42447995194533,3.0472307344887e-10,TRUE
"g6068",3.14451316793912,1.27134359009255e-28,TRUE
"g6101",3.67499524291846,0.000964164585847404,TRUE
"g6269",-2.90883890886486,1.84378112890669e-21,TRUE
"g6285",-2.68657052649961,5.11738837786282e-19,TRUE
"g6310",-2.30067954360701,9.93430160941052e-14,TRUE
"g6336",-2.51196896307729,5.10424286853324e-11,TRUE
"g6337",-2.97361562285999,8.02798640573191e-29,TRUE
"g6371",-6.49566799420895,1.58556127551296e-101,TRUE
"g6373",-6.54537833651996,7.96702273936642e-82,TRUE
"g6377",-2.16250461594799,8.16866666984785e-18,TRUE
"g6387",2.14470637663536,1.38867281268256e-15,TRUE
"g6388",2.1110749769918,9.04168758318588e-10,TRUE
"g6447",-2.84808420444254,0.00489086451177838,TRUE
"g6577",2.44088372981606,7.82927343492334e-17,TRUE
"g6609",2.54998302512906,2.61317741456932e-12,TRUE
"g6676",4.13559569073659,1.09711960471974e-34,TRUE
"g6692",4.27209149547932,3.54845405922864e-29,TRUE
"g6826",2.35049287932675,2.50120404534527e-05,TRUE
"g6869",2.2781974312153,0.000100325081994772,TRUE
"g6873",4.76254972957766,2.07653811101102e-06,TRUE
"g6920",-3.20376724717564,3.17109306887984e-26,TRUE
"g7067",-3.01142711581024,1.49482721208788e-13,TRUE
"g716",-2.58396825140676,2.48585251256868e-11,TRUE
"g7188",4.42335572125618,5.49680955887355e-31,TRUE
"g722",2.10992874812536,6.87287900100151e-19,TRUE
"g7361",-2.27934551560951,1.33266788913315e-16,TRUE
"g7376",3.45578335131157,0.00166776845150208,TRUE
"g742",-3.55409582303332,4.36118219444693e-68,TRUE
"g7489",-4.43560735664391,8.07171526261376e-10,TRUE
"g7556",-2.33498320768836,9.27662229731542e-11,TRUE
"g7563",3.70877791818078,8.32961586226152e-36,TRUE
"g7565",-2.28603003178419,1.95846900339756e-21,TRUE
"g7574",2.50572282394927,2.09129625954552e-28,TRUE
"g7601",6.97613863275807,4.68836756550351e-13,TRUE
"g7629",-3.42036354888761,0.000444911211490719,TRUE
"g7660",2.5577487858733,1.21200758693715e-30,TRUE
"g7672",2.49959741655692,4.97560257492107e-09,TRUE
"g7710",-2.18777062654474,9.79596744616022e-12,TRUE
"g7738",2.24747520684339,1.24256727752935e-35,TRUE
"g7748",3.46855230397671,5.30963367177627e-08,TRUE
"g7768",-2.07611582639119,4.2821659089991e-18,TRUE
"g7805",-2.11415003686805,0.000208644680134973,TRUE
"g7823",2.834431870557,0.0471949639769289,TRUE
"g7832",-3.52070804485403,1.37924055296238e-31,TRUE
"g7855",-2.83814577085072,0.0146824511155551,TRUE
"g7946",2.07692334367775,0.00475466030040752,TRUE
"g8020",3.17145865397953,5.23887471453338e-20,TRUE
"g808",2.07445875282024,1.93124445549048e-09,TRUE
"g8148",2.46933154030325,0.0417084849210803,TRUE
"g8163",5.42495831807426,2.86700586963579e-06,TRUE
"g8165",3.33443111140174,0.00276390815994176,TRUE
"g8283",4.60773031915858,1.61587250316506e-08,TRUE
"g8340",3.89295663502935,8.00420767993401e-44,TRUE
"g8341",5.93642994053853,9.77990681843304e-09,TRUE
"g8344",3.97589051521307,4.14404368220257e-06,TRUE
"g8357",2.45279559566934,4.57702964558046e-14,TRUE
"g8359",2.39702945847909,9.48557973768426e-11,TRUE
"g8369",2.33910610578147,3.35197942003241e-20,TRUE
"g8377",-2.67930605060662,5.44722647291949e-20,TRUE
"g8511",2.04993454059253,8.88109264429695e-06,TRUE
"g8512",2.33247023625478,1.52465424997132e-05,TRUE
"g8540",-4.22838662538703,8.01567267395063e-22,TRUE
"g8541",-4.62463566481974,2.40955105801186e-25,TRUE
"g8551",-6.08938360673604,7.93738976221636e-43,TRUE
"g8552",-5.27683638607299,6.91170696334919e-42,TRUE
"g8553",-7.42139334219537,2.40545461374874e-82,TRUE
"g8556",-5.17363633621004,1.26225403788656e-38,TRUE
"g8557",-5.48521679862546,1.30346389398911e-43,TRUE
"g8558",-4.05932623225963,1.48079901146006e-18,TRUE
"g8572",3.21871916663657,0.011241077407952,TRUE
"g8573",7.76890418629371,1.61032440810047e-14,TRUE
"g8587",-3.16881441921499,0.00138772988586127,TRUE
"g8592",5.58240848167899,6.49095398707199e-09,TRUE
"g8694",-2.52313737618988,0.0397781235661637,TRUE
"g8760",-2.40531364721207,1.40609741421529e-09,TRUE
"g8783",4.14147721720854,3.30744170693125e-05,TRUE
"g8789",3.40425330471163,8.16777866845869e-06,TRUE
"g88",2.88221944486565,0.00259788326915073,TRUE
"g8807",3.57909178489482,1.82632201272382e-18,TRUE
"g8808",2.45666238392782,7.3558087091159e-07,TRUE
"g8809",2.76793154100642,1.81978148095247e-10,TRUE
"g8810",2.61743326341876,0.000222635583674524,TRUE
"g8912",2.06037629744513,5.90749493939458e-09,TRUE
"g8922",-2.57975198750119,0.00950343649179423,TRUE
"g8979",3.75987110566695,0.000135157257309937,TRUE
"g9056",2.40108047605632,1.42738020199072e-06,TRUE
"g9095",-2.01422579716568,0.000538977939706973,TRUE
"g9124",-2.77448541477548,8.95589179392973e-57,TRUE
"g9141",-3.15490745335916,6.48093842596434e-20,TRUE
"g9144",-4.38913602256761,3.33920380311102e-18,TRUE
"g919",2.81699050848884,6.61134997092195e-31,TRUE
"g9274",2.5817966722574,0.041076189981018,TRUE
"g9277",3.23061125743145,7.11075250797462e-23,TRUE
"g9322",2.37874126647422,2.68878071052059e-08,TRUE
"g936",-2.13583612570352,5.23836859360066e-06,TRUE
"g9410",3.69065378782328,6.48481801824017e-13,TRUE
"g9426",-4.50836784662809,8.68957544950366e-30,TRUE
"g9435",-3.05398755151022,0.000487688442215308,TRUE
"g9467",5.72356058015697,1.71898065420413e-18,TRUE
"g9501",-2.17356088710442,8.86009719666203e-09,TRUE
"g952",-3.52366610116583,2.66354976969382e-13,TRUE
"g9535",-6.58454454793802,1.3229361506088e-27,TRUE
"g9537",-6.50801870243747,1.18810057607255e-25,TRUE
"g9538",-5.8420820575665,3.23502066869909e-70,TRUE
"g954",-2.47438624455083,3.21384375112427e-07,TRUE
"g955",-4.61146703525435,5.363568773624e-06,TRUE
"g9573",2.76472698908344,0.000436085379980403,TRUE
"g9594",2.73766810921562,5.84113209366017e-64,TRUE
"g9634",2.61427201101557,0.0106508494895767,TRUE
"g9652",2.87898608440428,9.72042252058803e-22,TRUE
"g9660",-2.41648721811995,4.51830958273984e-37,TRUE
"g9671",-4.47750957799233,2.27535410588211e-45,TRUE
"g9673",-4.49389789431413,2.83978052552167e-53,TRUE
"g9676",-3.25422739908601,2.8007576221293e-26,TRUE
"g9682",-2.62725035739972,3.43234032289762e-26,TRUE
"g9683",-2.21432276317764,1.5923600004292e-23,TRUE
"g9693",-2.8605799331917,3.59116194627977e-25,TRUE
"g9716",3.5791235672921,1.95322655791838e-05,TRUE
"g9721",-2.22380076718947,3.08199972097343e-26,TRUE
"g9741",-4.3899539051405,5.98170543933424e-07,TRUE
"g9750",2.95824254550408,2.07411513507666e-09,TRUE
"g9765",2.57056685585025,1.78923851858411e-13,TRUE
"g9768",-2.82004238308416,6.96189910273871e-38,TRUE
"g9777",-2.12747613427853,3.27180326685589e-25,TRUE
"g9779",-2.64021312174798,1.13680272776703e-17,TRUE
"g9780",4.26126343924699,2.91959934167602e-18,TRUE
"g9788",2.64559379270388,2.89863035703646e-25,TRUE
"g9803",2.4410769306284,8.45596971830745e-08,TRUE
"g9819",2.00925992593198,0.000666742250224409,TRUE
"g9826",-4.01289366328647,4.9062915275126e-30,TRUE
"g9839",-4.09740520681039,8.06083645109172e-30,TRUE
"g9874",-2.08697874834317,3.46778093383698e-17,TRUE
"g9887",2.12852203442742,1.4918488628703e-12,TRUE
"g99",2.63103847024496,2.19258915333452e-08,TRUE
"g990",3.95622740053213,0.000144519278211793,TRUE
"g9907",2.45020518297414,3.14506222382617e-24,TRUE
"g9908",2.34619525985726,1.30797179343279e-29,TRUE
"g9922",6.31144086678233,4.14526571340525e-127,TRUE
"g9925",2.60648067818757,2.86149514714515e-13,TRUE
"g9958",2.12433672587389,3.9423052470324e-06,TRUE
"g9977",-2.00757428803734,1.6502758758238e-49,TRUE
